Gender,New,OCS1,WRI1,Logins_start-OCS1,Logins_OCS1-WRI1,ViewsForumPs_Start-OCS1,ViewsForumPs_OCS1-WRI1,ViewsForumC_Start-OCS1,ViewsForumC_OCS1-WRI1,ViewsForumTheStart-OCS1,ViewsForumTheOCS1-WRI1,ViewsForumTm_Start-OCS1,ViewsForumTm_OCS1-WRI1,ViewsNews_Start-OCS1,ViewsNews_OCS1-WRI1,PostsForumPs_Start-OCS1,PostsForumPs_OCS1-WRI1,PostsForumC_Start-OCS1,PostsForumC_OCS1-WRI1,PostsForumThe_Start-OCS1,PostsForumThe_OCS1-WRI1,PostsForumTm_Start-OCS1,PostsForumTm_OCS1-WRI1,Final
F,1,absent,0,0,0,0,0,0,0,0,1,0,1,2,1,0,0,0,0,0,0,0,0,fail
M,2,absent,7.5,0,0,0,0,0,0,0,0,0,0,0,0,0,0,0,0,0,0,0,0,fail
M,1,absent,0,2,2,0,0,0,0,2,8,0,1,1,1,0,0,0,0,0,0,0,0,fail
M,1,absent,0,0,0,0,0,0,0,0,0,0,0,0,0,0,0,0,0,0,0,0,0,fail
M,2,absent,5,2,0,0,0,0,0,0,1,0,0,0,0,0,0,0,0,0,0,0,0,fail
M,1,absent,1.5,1,3,0,0,0,0,0,1,1,2,2,1,0,0,0,0,0,0,0,0,fail
M,1,absent,0,0,0,0,0,0,0,0,0,0,0,0,0,0,0,0,0,0,0,0,0,fail
M,1,absent,9.5,0,2,0,0,0,0,1,1,0,0,1,1,0,0,0,0,0,0,0,0,fail
M,1,absent,0,0,0,0,0,0,0,0,0,0,0,0,0,0,0,0,0,0,0,0,0,fail
M,1,absent,1,1,2,0,0,0,0,0,1,0,1,4,1,0,0,0,0,0,0,0,0,fail
M,1,absent,0,0,0,0,0,0,0,0,0,0,0,0,0,0,0,0,0,0,0,0,0,fail
F,1,absent,2,0,7,0,0,0,0,1,2,0,1,0,0,0,0,0,0,0,0,0,0,fail
F,2,absent,7.5,0,0,0,0,0,0,0,0,0,0,0,0,0,0,0,0,0,0,0,0,fail
F,1,absent,0,0,1,0,0,0,0,0,0,0,0,1,0,0,0,0,0,0,0,0,0,fail
M,2,absent,7.5,1,2,0,0,0,0,0,0,0,0,0,0,0,0,0,0,0,0,0,0,fail
F,1,absent,1,1,1,0,0,0,0,0,1,0,0,3,1,0,0,0,0,0,0,0,0,fail
M,1,present,0,3,1,0,0,0,0,0,1,0,0,0,0,0,0,0,0,0,0,0,0,fail
M,1,present,7.5,6,6,0,0,0,0,1,1,0,1,0,0,0,0,0,0,0,0,0,0,pass
M,1,absent,0,0,0,0,0,0,0,0,0,0,0,0,0,0,0,0,0,0,0,0,0,fail
F,1,present,7,21,25,0,0,0,0,5,18,1,4,7,2,0,0,0,0,0,0,0,0,fail
F,1,absent,0,3,1,0,0,0,0,0,1,0,0,0,0,0,0,0,0,0,0,0,0,fail
M,1,absent,0,0,0,0,0,0,0,0,0,0,0,0,0,0,0,0,0,0,0,0,0,fail
F,1,present,3.5,7,8,0,0,0,0,3,11,7,22,5,2,0,0,0,0,0,0,0,0,fail
M,1,absent,5,3,5,0,0,0,0,1,3,1,2,1,1,0,0,0,0,0,0,0,0,fail
M,1,present,5,6,18,0,0,0,0,4,12,2,5,9,3,0,0,0,0,0,0,0,1,fail
F,1,present,5,2,4,0,0,0,0,1,3,0,1,2,1,0,0,0,0,0,0,0,0,fail
F,2,present,2,3,0,0,0,0,0,0,0,0,1,2,1,0,0,0,0,0,0,0,0,fail
M,1,absent,0,0,1,0,0,0,0,0,1,0,0,0,0,0,0,0,0,0,0,0,0,fail
M,2,absent,0,2,0,0,0,0,0,0,0,0,0,0,0,0,0,0,0,0,0,0,0,fail
M,2,absent,9,0,0,0,0,0,0,0,0,0,0,0,0,0,0,0,0,0,0,0,0,fail
F,1,absent,0,6,5,0,0,0,0,0,1,0,0,2,1,0,0,0,0,0,0,0,0,fail
F,1,absent,2,0,2,0,0,0,0,0,0,0,0,0,0,0,0,0,0,0,0,0,0,fail
M,1,absent,2.5,0,3,0,0,0,0,0,1,0,0,0,0,0,0,0,0,0,0,0,0,fail
M,1,absent,0,8,9,0,0,0,0,1,2,0,1,3,1,0,0,0,0,0,0,0,0,fail
M,1,absent,8,5,8,0,0,0,0,4,12,0,1,1,1,0,0,0,0,0,0,0,0,fail
M,1,absent,9.5,3,4,0,0,0,0,16,52,1,3,10,3,0,0,0,0,0,0,0,0,pass
M,2,absent,6.5,15,8,0,0,0,0,2,8,0,1,3,1,0,0,0,0,0,1,0,0,fail
M,1,absent,0,0,0,0,0,0,0,0,0,0,0,0,0,0,0,0,0,0,0,0,0,fail
F,1,present,1,1,5,0,0,0,0,1,5,1,4,5,2,0,0,0,0,0,0,0,0,fail
M,1,absent,6.5,5,7,0,0,0,0,2,7,0,1,9,3,0,0,0,0,0,1,0,0,fail
M,1,absent,0,0,0,0,0,0,0,0,0,0,0,0,0,0,0,0,0,0,0,0,0,fail
M,1,absent,2.5,13,16,0,0,0,0,2,6,2,6,4,1,0,0,0,0,0,0,0,1,fail
M,2,absent,10,0,8,0,0,0,0,1,4,0,1,0,0,0,0,0,0,0,0,0,0,fail
M,1,present,9,3,4,0,0,0,0,1,2,0,1,0,0,0,0,0,0,0,0,0,1,fail
M,1,absent,0,1,3,0,0,0,0,0,1,0,1,0,0,0,0,0,0,0,0,0,0,fail
M,1,absent,9.5,2,2,0,0,0,0,0,0,0,0,2,1,0,0,0,0,0,0,0,0,fail
M,1,absent,0,0,1,0,0,0,0,0,1,0,1,1,1,0,0,0,0,0,0,0,0,fail
M,1,absent,10,1,2,0,0,0,0,0,1,0,0,0,0,0,0,0,0,0,0,0,0,fail
M,1,present,4.5,0,16,0,0,0,0,2,7,0,1,6,2,0,0,0,0,0,0,0,0,fail
M,1,present,10,19,37,0,0,0,0,14,46,1,3,3,1,0,0,0,0,0,1,0,0,pass
M,2,absent,2,7,4,0,0,0,0,1,4,0,1,8,3,0,0,0,0,0,0,0,0,fail
M,2,absent,8,2,1,0,0,0,0,1,2,0,0,0,0,0,0,0,0,0,0,0,0,fail
M,2,absent,8.5,0,6,0,0,0,0,0,0,0,1,0,0,0,0,0,0,0,0,0,0,fail
M,2,absent,7.5,0,1,0,0,0,0,0,0,0,1,0,0,0,0,0,0,0,0,0,0,fail
M,1,absent,0,2,0,0,0,0,0,0,1,0,0,0,0,0,0,0,0,0,0,0,0,fail
M,2,absent,7,0,0,0,0,0,0,0,1,0,1,1,1,0,0,0,0,0,0,0,0,fail
M,2,absent,9,1,0,0,0,0,0,0,0,0,0,0,0,0,0,0,0,0,0,0,0,fail
M,1,absent,2,2,6,0,0,0,0,2,7,2,8,1,1,0,0,0,0,0,0,0,1,fail
F,1,absent,0,3,1,0,0,0,0,0,0,0,1,0,0,0,0,0,0,0,0,0,0,fail
M,1,absent,9,3,10,0,0,0,0,2,7,1,2,2,1,0,0,0,0,0,0,0,0,fail
M,2,absent,7,0,0,0,0,0,0,0,0,0,0,0,0,0,0,0,0,0,0,0,0,fail
M,2,absent,8.5,0,0,0,0,0,0,0,0,0,0,0,0,0,0,0,0,0,0,0,0,fail
M,1,present,9.5,0,3,0,0,0,0,0,1,1,2,3,1,0,0,0,0,0,0,0,0,pass
M,1,absent,0,0,4,0,0,0,0,0,0,0,1,0,0,0,0,0,0,0,0,0,0,fail
F,1,present,0,11,3,0,0,0,0,1,1,1,2,1,1,0,0,0,0,0,0,0,0,fail
M,2,absent,3.5,0,1,0,0,0,0,0,0,0,0,0,0,0,0,0,0,0,0,0,0,fail
F,2,absent,5,4,3,0,0,0,0,2,7,1,3,3,1,0,0,0,0,0,0,0,0,pass
M,1,absent,9.5,2,3,0,0,0,0,1,3,0,1,1,1,0,0,0,0,0,0,0,0,fail
M,2,absent,6.5,1,3,0,0,0,0,0,1,0,0,0,0,0,0,0,0,0,0,0,0,fail
M,1,absent,5.5,5,9,0,0,0,0,0,0,0,1,1,1,0,0,0,0,0,0,0,0,fail
M,1,absent,0,0,0,0,0,0,0,0,0,0,0,0,0,0,0,0,0,0,0,0,0,fail
M,1,absent,9.5,2,11,0,0,0,0,5,15,0,1,2,1,0,0,0,0,0,0,0,0,fail
M,1,present,10,20,30,0,0,0,0,5,17,11,37,7,2,0,0,0,0,0,0,0,1,fail
M,1,absent,8,4,14,0,0,0,0,2,7,0,1,4,1,0,0,0,0,0,0,0,0,fail
M,1,absent,6.5,6,12,0,0,0,0,1,4,2,6,3,1,0,0,0,0,0,0,0,0,fail
M,1,absent,0,2,2,0,0,0,0,0,0,0,1,0,0,0,0,0,0,0,0,0,0,fail
F,2,absent,7,0,0,0,0,0,0,0,0,0,0,0,0,0,0,0,0,0,0,0,0,fail
M,1,absent,9,18,69,0,0,0,0,35,117,9,29,9,3,0,0,0,0,0,1,0,1,fail
F,1,absent,8,30,37,0,0,0,0,21,69,5,16,9,3,0,0,0,0,0,1,0,0,fail
M,1,absent,0,1,0,0,0,0,0,0,0,0,0,0,0,0,0,0,0,0,0,0,0,fail
M,1,absent,9.5,1,4,0,0,0,0,0,1,0,0,1,1,0,0,0,0,0,0,0,0,fail
F,1,absent,0,1,5,0,0,0,0,0,0,0,0,0,0,0,0,0,0,0,0,0,0,fail
M,1,absent,9.5,4,5,0,0,0,0,1,1,0,0,2,1,0,0,0,0,0,0,0,0,fail
M,1,absent,10,7,11,0,0,0,0,4,14,3,10,11,4,0,0,0,0,0,0,0,0,fail
M,2,absent,3,2,8,0,0,0,0,0,0,0,0,1,1,0,0,0,0,0,0,0,0,fail
F,1,present,7.5,9,12,0,0,0,0,8,28,1,4,9,3,0,0,0,0,0,0,0,0,pass
M,1,present,5,4,8,0,0,0,0,5,17,3,10,8,3,0,0,0,0,0,0,0,0,fail
M,1,absent,0,3,0,0,0,0,0,0,1,0,0,0,0,0,0,0,0,0,0,0,0,fail
M,1,absent,7,2,9,0,0,0,0,1,4,0,1,0,0,0,0,0,0,0,0,0,0,fail
F,1,absent,9.5,19,39,0,0,0,0,15,49,4,14,10,3,0,0,0,0,0,0,0,0,fail
M,1,absent,0,0,1,0,0,0,0,0,1,0,0,0,0,0,0,0,0,0,0,0,0,fail
M,1,present,9,9,11,0,0,0,0,3,11,0,0,1,1,0,0,0,0,0,0,0,0,fail
M,1,absent,0,0,1,0,0,0,0,0,0,0,0,0,0,0,0,0,0,0,0,0,0,fail
M,1,present,8.5,3,5,0,0,0,0,4,14,1,3,4,1,0,0,0,0,0,0,0,0,fail
M,1,absent,1.5,3,10,0,0,0,0,0,1,1,1,1,1,0,0,0,0,0,0,0,0,fail
F,1,absent,9.5,0,5,0,0,0,0,2,6,1,3,2,1,0,0,0,0,0,0,0,0,fail
M,1,absent,0,0,0,0,0,0,0,0,0,0,0,0,0,0,0,0,0,0,0,0,0,fail
M,2,absent,6,0,3,0,0,0,0,0,0,0,0,0,0,0,0,0,0,0,0,0,0,fail
M,1,present,8.5,1,5,0,0,0,0,1,3,1,2,3,1,0,0,0,0,0,0,0,0,fail
M,2,absent,6,4,14,0,0,0,0,1,3,0,1,0,0,0,0,0,0,0,0,0,0,fail
M,1,absent,5.5,6,19,0,0,0,0,7,21,1,5,9,3,0,0,0,0,0,0,0,0,fail
M,1,absent,2,0,2,0,0,0,0,0,1,0,0,2,1,0,0,0,0,0,0,0,0,fail
M,1,absent,6.5,14,23,0,0,0,0,4,13,1,3,3,1,0,0,0,0,0,0,0,0,fail
M,1,absent,9.5,2,8,0,0,0,0,11,36,5,16,10,3,0,0,0,0,0,0,1,2,fail
M,1,present,9.5,18,21,0,0,0,0,3,9,4,14,4,1,0,0,0,0,0,0,0,0,fail
M,1,present,9.5,7,11,0,0,0,0,5,17,3,8,6,2,0,0,0,0,0,0,0,1,fail
F,1,absent,7.5,30,37,0,0,0,0,5,17,4,14,10,3,0,0,0,0,0,0,0,1,fail
F,1,absent,0,0,0,0,0,0,0,0,0,0,0,0,0,0,0,0,0,0,0,0,0,fail
M,1,present,0,2,3,0,0,0,0,1,2,1,4,3,1,0,0,0,0,0,0,0,0,fail
M,2,absent,7,0,0,0,0,0,0,0,0,0,0,0,0,0,0,0,0,0,0,0,0,fail
M,1,absent,0,0,0,0,0,0,0,0,0,0,0,0,0,0,0,0,0,0,0,0,0,fail
M,2,present,8,0,4,0,0,0,0,0,1,0,0,0,0,0,0,0,0,0,0,0,0,fail
M,2,absent,6.5,0,5,0,0,0,0,0,1,0,1,0,0,0,0,0,0,0,0,0,0,fail
M,2,absent,7,3,0,0,0,0,0,0,1,0,0,1,1,0,0,0,0,0,0,0,0,fail
F,2,absent,5.5,2,1,0,0,0,0,0,0,0,0,0,0,0,0,0,0,0,0,0,0,fail
M,2,absent,9.5,3,3,0,0,0,0,0,1,0,1,1,1,0,0,0,0,0,0,0,0,fail
F,2,absent,9,9,12,0,0,0,0,3,9,1,3,2,1,0,0,0,0,0,0,0,0,fail
M,2,absent,10,0,1,0,0,0,0,0,0,0,0,0,0,0,0,0,0,0,0,0,0,fail
M,2,absent,10,0,1,0,0,0,0,0,1,0,0,0,0,0,0,0,0,0,0,0,0,fail
F,2,present,10,11,11,0,0,0,0,3,9,2,5,2,1,0,0,0,0,0,0,0,0,fail
F,2,present,9.5,1,11,0,0,0,0,0,1,0,1,1,1,0,0,0,0,0,0,0,0,fail
M,2,present,8,12,22,0,0,0,0,2,6,1,2,1,1,0,0,0,0,0,0,0,0,fail
F,2,present,6.5,4,8,0,0,0,0,1,4,0,1,1,1,0,0,0,0,0,0,0,0,fail
M,2,present,10,1,5,0,0,0,0,0,0,0,1,2,1,0,0,0,0,0,0,0,0,fail
M,1,absent,0,0,0,0,0,0,0,0,0,0,0,0,0,0,0,0,0,0,0,0,0,fail
M,2,absent,7,16,36,0,0,0,0,3,11,1,4,8,3,0,0,0,0,0,0,0,1,fail
M,2,present,7.5,0,0,0,0,0,0,0,0,0,0,0,0,0,0,0,0,0,0,0,0,fail
M,1,absent,2.5,1,3,0,0,0,0,0,1,0,0,1,1,0,0,0,0,0,0,0,0,fail
F,1,present,6,37,90,0,0,0,0,24,79,3,9,10,3,0,0,0,0,1,2,0,1,fail
M,2,absent,9,3,16,0,0,0,0,2,6,1,3,0,0,0,0,0,0,0,0,0,0,fail
F,1,present,6,10,20,0,0,0,0,7,23,2,5,9,3,0,0,0,0,0,0,0,0,fail
M,1,absent,0,5,2,0,0,0,0,0,1,0,1,1,1,0,0,0,0,0,0,0,0,fail
M,1,absent,6.5,15,23,0,0,0,0,2,8,1,2,3,1,0,0,0,0,0,0,0,0,fail
M,2,present,8.5,6,13,0,0,0,0,1,4,0,1,0,0,0,0,0,0,0,0,0,0,fail
F,1,absent,0,0,0,0,0,0,0,0,0,0,0,0,0,0,0,0,0,0,0,0,0,fail
M,2,absent,8.5,0,0,0,0,0,0,1,3,0,1,0,0,0,0,0,0,0,0,0,0,fail
F,2,present,6,3,1,0,0,0,0,2,6,1,3,5,2,0,0,0,0,0,0,0,0,fail
M,1,absent,0,0,0,0,0,0,0,0,0,0,0,0,0,0,0,0,0,0,0,0,0,fail
F,2,absent,10,4,6,0,0,0,0,0,0,0,0,0,0,0,0,0,0,0,0,0,0,fail
M,2,absent,8.5,4,3,0,0,0,0,0,0,0,0,0,0,0,0,0,0,0,0,0,0,fail
M,2,present,8,1,5,0,0,0,0,0,0,0,0,0,0,0,0,0,0,0,0,0,0,fail
M,1,absent,0,1,0,0,0,0,0,0,1,0,0,0,0,0,0,0,0,0,0,0,0,fail
F,2,absent,5,0,3,0,0,0,0,0,0,0,1,0,0,0,0,0,0,0,0,0,0,fail
M,2,absent,10,7,5,0,0,0,0,1,4,0,1,0,0,0,0,0,0,0,0,0,0,fail
M,2,absent,9.5,0,0,0,0,0,0,0,0,0,0,0,0,0,0,0,0,0,0,0,0,fail
M,1,absent,0,3,5,0,0,0,0,0,1,0,1,0,0,0,0,0,0,0,0,0,0,fail
M,2,absent,8.5,2,2,0,0,0,0,0,1,0,0,1,0,0,0,0,0,0,0,0,0,fail
F,2,absent,9,2,1,0,0,0,0,0,0,0,0,1,0,0,0,0,0,0,0,0,0,fail
M,2,absent,5,0,0,0,0,0,0,0,0,0,0,0,0,0,0,0,0,0,0,0,0,fail
F,2,absent,9,4,6,0,0,0,0,1,2,0,1,1,1,0,0,0,0,0,0,0,0,fail
M,2,absent,10,0,1,0,0,0,0,0,1,0,0,0,0,0,0,0,0,0,0,0,0,fail
F,1,present,7.5,0,6,0,0,0,0,0,0,0,1,0,0,0,0,0,0,0,0,0,0,fail
F,2,absent,7.5,2,4,0,0,0,0,0,0,0,0,0,0,0,0,0,0,0,0,0,0,fail
M,1,absent,0,0,0,0,0,0,0,0,0,0,0,0,0,0,0,0,0,0,0,0,0,fail
M,2,absent,9.5,1,4,0,0,0,0,1,2,1,3,1,1,0,0,0,0,0,0,0,0,fail
M,1,present,0,5,6,0,0,0,0,0,1,1,2,3,1,0,0,0,0,0,0,0,0,fail
M,2,present,10,1,2,0,0,0,0,0,1,0,1,1,1,0,0,0,0,0,0,0,0,fail
M,2,absent,0,0,0,0,0,0,0,0,0,0,0,0,0,0,0,0,0,0,0,0,0,fail
F,2,absent,9,0,4,0,0,0,0,0,0,0,0,0,0,0,0,0,0,0,0,0,0,fail
M,2,absent,9.5,19,7,0,0,0,0,1,3,1,3,2,1,0,0,0,0,0,0,0,0,fail
M,2,present,7.5,4,1,0,0,0,0,1,2,1,5,3,1,0,0,0,0,0,0,0,1,fail
M,2,absent,2.5,1,4,0,0,0,0,0,0,0,0,1,0,0,0,0,0,0,0,0,0,fail
M,2,absent,7,1,0,0,0,0,0,0,0,0,0,0,0,0,0,0,0,0,0,0,0,fail
M,1,absent,2,7,9,0,0,0,0,7,22,4,13,5,2,0,0,0,0,0,1,0,1,fail
F,1,absent,8.5,2,6,0,0,0,0,3,10,2,8,5,2,0,0,0,0,0,0,0,0,fail
M,2,absent,9.5,0,0,0,0,0,0,0,0,0,0,0,0,0,0,0,0,0,0,0,0,fail
M,1,present,9.5,6,16,0,0,0,0,18,60,5,17,11,4,0,0,0,0,0,1,0,0,fail
F,2,absent,9.5,0,0,0,0,0,0,0,0,0,0,0,0,0,0,0,0,0,0,0,0,fail
M,2,absent,3,0,0,0,0,0,0,0,1,0,0,0,0,0,0,0,0,0,0,0,0,fail
F,2,absent,6,4,7,0,0,0,0,1,2,0,1,0,0,0,0,0,0,0,0,0,0,fail
M,1,present,9.5,13,36,0,0,0,0,42,138,25,82,7,2,0,0,0,0,2,7,1,3,pass
M,1,present,9,5,12,0,0,0,0,1,3,0,1,3,1,0,0,0,0,0,1,0,0,fail
M,2,absent,5,2,3,0,0,0,0,0,1,0,0,0,0,0,0,0,0,0,0,0,0,fail
M,2,absent,7,1,5,0,0,0,0,0,0,0,0,0,0,0,0,0,0,0,0,0,0,fail
F,1,present,1,1,24,0,0,0,0,1,5,0,1,15,5,0,0,0,0,0,0,0,0,fail
M,1,present,10,9,18,0,0,0,0,18,58,8,25,10,3,0,0,0,0,0,1,1,2,fail
M,2,absent,8.5,1,0,0,0,0,0,0,1,0,1,0,0,0,0,0,0,0,0,0,0,fail
F,1,absent,10,0,9,0,0,0,0,8,28,2,8,4,1,0,0,0,0,0,1,0,0,fail
M,2,absent,8,6,0,0,0,0,0,1,5,0,1,1,1,0,0,0,0,0,0,0,0,fail
F,2,absent,8.5,0,2,0,0,0,0,0,0,0,1,1,1,0,0,0,0,0,0,0,0,fail
M,2,absent,8.5,1,0,0,0,0,0,0,0,0,0,0,0,0,0,0,0,0,0,0,0,fail
M,2,absent,0,0,0,0,0,0,0,0,0,0,0,0,0,0,0,0,0,0,0,0,0,fail
M,1,absent,6,2,4,0,0,0,0,1,5,1,3,3,1,0,0,0,0,0,0,0,0,fail
M,2,absent,9,0,4,0,0,0,0,0,0,0,0,1,0,0,0,0,0,0,0,0,0,fail
F,2,absent,5,0,0,0,0,0,0,0,0,0,0,0,0,0,0,0,0,0,0,0,0,fail
M,2,absent,5,0,0,0,0,0,0,0,0,0,0,0,0,0,0,0,0,0,0,0,0,fail
F,2,absent,7,2,0,0,0,0,0,0,1,0,0,0,0,0,0,0,0,0,0,0,0,fail
M,2,present,8,1,0,0,0,0,0,1,3,0,0,2,1,0,0,0,0,0,0,0,0,fail
M,2,present,7.5,9,4,0,0,0,0,0,0,1,1,0,0,0,0,0,0,0,0,0,0,fail
M,2,absent,8.5,6,14,0,0,0,0,3,11,1,4,4,1,0,0,0,0,0,0,0,0,fail
M,1,present,9.5,7,6,0,0,0,0,2,8,1,3,13,4,0,0,0,0,0,0,0,0,pass
M,2,present,6.5,6,11,0,0,0,0,0,0,0,1,1,0,0,0,0,0,0,0,0,0,fail
M,1,present,9,2,19,0,0,0,0,1,3,0,1,1,1,0,0,0,0,0,0,0,0,fail
M,2,absent,9.5,4,10,0,0,0,0,3,10,2,6,3,1,0,0,0,0,0,0,0,0,fail
M,2,absent,7,0,3,0,0,0,0,0,0,0,0,0,0,0,0,0,0,0,0,0,0,fail
M,1,present,5.5,3,4,0,0,0,0,1,3,0,1,2,1,0,0,0,0,0,0,0,0,fail
F,2,absent,9,3,1,0,0,0,0,0,0,0,0,0,0,0,0,0,0,0,0,0,0,fail
F,2,present,7.5,0,1,0,0,0,0,0,0,0,0,0,0,0,0,0,0,0,0,0,0,fail
F,2,absent,7,0,0,0,0,0,0,0,0,0,0,0,0,0,0,0,0,0,0,0,0,fail
M,2,absent,0,0,20,0,0,0,0,1,2,0,0,0,0,0,0,0,0,0,0,0,0,fail
M,2,absent,9.5,0,0,0,0,0,0,0,0,0,0,0,0,0,0,0,0,0,0,0,0,fail
F,2,absent,10,2,1,0,0,0,0,0,1,0,0,1,0,0,0,0,0,0,0,0,0,fail
M,2,absent,10,2,0,0,0,0,0,0,1,0,0,0,0,0,0,0,0,0,0,0,0,fail
M,2,absent,8,9,9,0,0,0,0,2,6,1,3,1,1,0,0,0,0,0,0,0,0,pass
M,2,absent,9.5,2,1,0,0,0,0,1,2,0,0,1,1,0,0,0,0,0,0,0,0,fail
M,2,present,8.5,1,9,0,0,0,0,0,1,0,1,0,0,0,0,0,0,0,0,0,0,fail
M,2,absent,8.5,1,3,0,0,0,0,0,0,0,1,0,0,0,0,0,0,0,0,0,0,fail
F,2,absent,7.5,0,7,0,0,0,0,1,4,0,0,2,1,0,0,0,0,0,0,0,0,pass
M,2,absent,7.5,4,4,0,0,0,0,0,1,0,1,1,0,0,0,0,0,0,0,0,0,fail
F,2,absent,9,2,0,0,0,0,0,0,0,0,1,0,0,0,0,0,0,0,0,0,0,fail
F,2,absent,9,0,2,0,0,0,0,0,1,0,1,0,0,0,0,0,0,0,0,0,0,fail
M,2,present,9.5,3,2,0,0,0,0,1,3,0,1,1,1,0,0,0,0,0,0,0,0,fail
M,2,present,7,21,22,0,0,0,0,6,18,2,8,2,1,0,0,0,0,0,0,0,0,fail
M,2,absent,8,2,3,0,0,0,0,1,2,0,1,3,1,0,0,0,0,0,0,0,0,fail
M,1,absent,9,0,15,0,0,0,0,3,8,0,1,2,1,0,0,0,0,0,0,0,0,fail
M,2,absent,9.5,8,1,0,0,0,0,0,1,1,2,2,1,0,0,0,0,0,0,0,0,fail
M,2,absent,8,0,1,0,0,0,0,0,0,0,0,0,0,0,0,0,0,0,0,0,0,fail
F,2,absent,9,2,2,0,0,0,0,0,1,0,0,0,0,0,0,0,0,0,0,0,0,fail
M,2,present,8,8,10,0,0,0,0,2,8,2,6,1,1,0,0,0,0,0,0,0,0,fail
M,1,absent,2.5,7,22,0,0,0,0,4,12,2,8,2,1,0,0,0,0,0,0,0,0,fail
M,1,absent,0,1,1,0,0,0,0,0,1,0,0,0,0,0,0,0,0,0,0,0,0,fail
M,2,absent,9.5,1,0,0,0,0,0,0,0,0,0,0,0,0,0,0,0,0,0,0,0,fail
M,1,present,0,1,3,0,0,0,0,0,1,0,0,0,0,0,0,0,0,0,0,0,0,fail
M,1,present,9.5,0,4,0,0,0,0,0,0,0,0,0,0,0,0,0,0,0,0,0,0,fail
F,2,present,8.5,1,0,0,0,0,0,0,0,0,0,0,0,0,0,0,0,0,0,0,0,fail
M,2,absent,8.5,6,7,0,0,0,0,2,5,0,1,2,1,0,0,0,0,0,0,0,0,fail
F,2,present,9.5,3,7,0,0,0,0,1,3,1,4,2,1,0,0,0,0,0,0,0,1,fail
F,2,absent,7.5,0,0,0,0,0,0,0,0,0,0,0,0,0,0,0,0,0,0,0,0,fail
M,2,absent,9,2,1,0,0,0,0,0,1,0,1,2,1,0,0,0,0,0,0,0,0,fail
M,2,absent,9.5,1,0,0,0,0,0,0,1,0,1,0,0,0,0,0,0,0,0,0,0,fail
M,2,present,7,10,8,0,0,0,0,3,10,2,8,3,1,0,0,0,0,0,0,0,0,fail
M,2,present,9.5,0,6,0,0,0,0,0,0,0,0,0,0,0,0,0,0,0,0,0,0,fail
F,2,present,6,2,5,0,0,0,0,0,1,1,2,1,0,0,0,0,0,0,0,0,0,fail
M,1,present,10,12,33,0,0,0,0,23,75,15,49,10,3,0,0,0,0,0,0,1,3,pass
F,1,present,0,2,3,0,0,0,0,0,1,0,1,1,1,0,0,0,0,0,0,0,0,fail
M,2,absent,9.5,0,0,0,0,0,0,1,3,0,0,0,0,0,0,0,0,0,0,0,0,fail
M,1,absent,1.5,4,2,0,0,0,0,0,1,0,0,0,0,0,0,0,0,0,0,0,0,fail
M,2,absent,9,0,2,0,0,0,0,0,0,0,0,0,0,0,0,0,0,0,0,0,0,fail
M,2,absent,9,0,0,0,0,0,0,1,4,1,3,1,0,0,0,0,0,0,0,0,0,fail
F,1,present,9.5,17,22,0,0,0,0,3,9,3,11,1,1,0,0,0,0,0,0,1,1,pass
M,2,absent,10,0,1,0,0,0,0,0,0,0,0,0,0,0,0,0,0,0,0,0,0,fail
F,2,present,10,11,21,0,0,0,0,0,1,0,1,2,1,0,0,0,0,0,0,0,0,fail
M,2,absent,7.5,0,1,0,0,0,0,0,0,0,0,0,0,0,0,0,0,0,0,0,0,fail
M,2,absent,5,3,4,0,0,0,0,0,0,0,1,0,0,0,0,0,0,0,0,0,0,fail
M,2,absent,8,2,3,0,0,0,0,0,1,0,0,0,0,0,0,0,0,0,0,0,0,fail
F,2,present,7,1,2,0,0,0,0,0,1,0,0,0,0,0,0,0,0,0,0,0,0,fail
M,1,present,8,21,11,0,0,0,0,3,9,1,3,3,1,0,0,0,0,0,1,0,0,fail
F,2,absent,10,4,25,0,0,0,0,7,22,2,6,3,1,0,0,0,0,0,0,0,0,fail
M,2,present,6.5,2,0,0,0,0,0,0,0,0,0,0,0,0,0,0,0,0,0,0,0,fail
M,2,absent,8.5,0,0,0,0,0,0,0,0,0,0,0,0,0,0,0,0,0,0,0,0,fail
F,1,absent,8.5,4,11,0,0,0,0,3,9,1,3,3,1,0,0,0,0,0,0,0,0,fail
M,2,absent,9.5,6,6,0,0,0,0,4,13,1,3,1,1,0,0,0,0,0,0,0,0,fail
F,2,absent,9,1,1,0,0,0,0,1,4,1,3,3,1,0,0,0,0,0,0,0,0,fail
M,1,present,0,2,13,0,0,0,0,7,22,20,64,20,7,0,0,0,0,0,0,0,1,fail
M,2,absent,0,2,1,0,0,0,0,0,0,0,0,0,0,0,0,0,0,0,0,0,0,fail
M,2,present,5,0,0,0,0,0,0,1,2,1,3,2,1,0,0,0,0,0,0,0,0,fail
F,2,present,5,1,10,0,0,0,0,0,1,1,3,1,1,0,0,0,0,0,0,0,0,fail
M,1,present,7.5,31,105,0,0,0,0,19,61,1,3,6,2,0,0,0,0,1,4,0,0,fail
M,1,present,6,12,26,0,0,0,0,2,6,0,1,2,1,0,0,0,0,0,0,0,0,fail
F,1,present,8.5,19,79,0,0,0,0,15,49,3,11,9,3,0,0,0,0,0,1,0,0,pass
M,1,present,9,0,36,0,0,0,0,8,25,1,4,3,1,0,0,0,0,0,1,0,0,fail
F,1,present,9.5,1,9,0,0,0,0,6,19,0,1,1,1,0,0,0,0,0,0,0,0,fail
F,1,absent,5,17,8,0,0,0,0,12,41,1,2,4,1,0,0,0,0,1,3,0,0,pass
M,1,absent,10,3,2,0,0,0,0,1,2,0,1,1,1,0,0,0,0,0,0,0,0,fail
M,1,present,10,6,33,0,0,0,0,21,68,8,27,6,2,0,0,0,0,0,0,0,0,fail
M,1,present,5.5,3,7,0,0,0,0,1,2,0,1,2,1,0,0,0,0,0,0,0,0,fail
M,1,present,8,12,50,0,0,0,0,11,38,3,11,6,2,0,0,0,0,0,0,0,0,pass
F,1,present,7.5,7,9,0,0,0,0,5,17,0,1,1,1,0,0,0,0,0,0,0,0,fail
F,1,present,0,0,1,0,0,0,0,0,0,0,0,0,0,0,0,0,0,0,0,0,0,fail
M,1,absent,5,4,16,0,0,0,0,6,19,1,2,2,1,0,0,0,0,0,0,0,0,fail
F,1,present,5,19,40,0,0,0,0,12,38,1,3,2,1,0,0,0,0,0,1,0,0,fail
M,1,present,0,0,0,0,0,0,0,0,0,0,0,0,0,0,0,0,0,0,0,0,0,fail
M,1,present,7.5,6,21,0,0,0,0,7,25,1,3,3,1,0,0,0,0,0,1,0,0,fail
M,1,absent,0,0,2,0,0,0,0,1,3,0,0,1,1,0,0,0,0,0,0,0,0,fail
M,1,present,0,1,0,0,0,0,0,0,1,0,0,0,0,0,0,0,0,0,0,0,0,fail
F,1,present,8,5,14,0,0,0,0,3,10,2,6,1,1,0,0,0,0,0,0,0,0,pass
M,1,present,9.5,29,52,0,0,0,0,20,65,5,17,5,2,0,0,0,0,1,3,0,1,pass
M,1,present,7.5,4,7,0,0,0,0,11,37,2,8,8,3,0,0,0,0,0,0,0,0,fail
M,1,absent,9.5,0,8,0,0,0,0,8,27,2,6,5,2,0,0,0,0,0,0,0,0,fail
M,1,present,9,2,6,0,0,0,0,3,9,0,1,1,1,0,0,0,0,0,0,0,0,fail
M,1,present,0,7,0,0,0,0,0,1,3,0,1,0,0,0,0,0,0,0,1,0,0,fail
M,1,present,5,16,79,0,0,0,0,14,47,5,18,15,5,0,0,0,0,0,0,0,0,fail
M,1,present,9.5,4,21,0,0,0,0,3,10,2,8,3,1,0,0,0,0,0,1,0,0,fail
M,1,absent,0,5,13,0,0,0,0,1,5,0,0,0,0,0,0,0,0,0,0,0,0,fail
M,1,present,7,0,4,0,0,0,0,0,1,0,0,0,0,0,0,0,0,0,0,0,0,fail
M,1,present,8.5,1,7,0,0,0,0,10,34,3,9,7,2,0,0,0,0,0,1,0,0,pass
M,1,absent,0,0,1,0,0,0,0,0,0,0,1,1,0,0,0,0,0,0,0,0,0,fail
M,1,absent,0,9,8,0,0,0,0,4,14,1,3,3,1,0,0,0,0,0,0,0,0,fail
M,1,present,8.5,17,38,0,0,0,0,4,12,1,1,11,4,0,0,0,0,0,1,0,0,fail
M,1,present,9.5,15,71,0,0,0,0,41,135,30,99,28,9,0,0,0,0,1,5,1,2,pass
F,1,present,10,32,56,0,0,0,0,14,45,1,5,3,1,0,0,0,0,1,4,0,0,pass
F,1,present,0,6,8,0,0,0,0,1,3,0,1,4,1,0,0,0,0,0,0,0,0,fail
F,1,present,8,5,28,0,0,0,0,3,9,1,3,3,1,0,0,0,0,0,1,0,1,fail
M,1,present,5,2,3,0,0,0,0,0,1,1,2,1,1,0,0,0,0,0,0,0,0,fail
M,1,absent,8.5,4,18,0,0,0,0,8,25,0,1,7,2,0,0,0,0,0,0,0,0,fail
F,1,present,8.5,9,41,0,0,0,0,48,157,10,32,16,5,0,0,0,0,0,1,0,0,pass
M,1,absent,7,6,6,0,0,0,0,1,3,0,0,1,1,0,0,0,0,0,0,0,0,fail
M,1,present,5,3,3,0,0,0,0,0,1,0,1,3,1,0,0,0,0,0,1,0,0,fail
M,1,present,0,4,1,0,0,0,0,1,3,0,1,0,0,0,0,0,0,0,1,0,0,fail
M,1,present,0,1,0,0,0,0,0,1,3,0,1,0,0,0,0,0,0,0,0,0,0,fail
M,1,present,0,0,2,0,0,0,0,0,0,0,0,0,0,0,0,0,0,0,0,0,0,fail
M,1,absent,0,0,2,0,0,0,0,0,0,0,0,0,0,0,0,0,0,0,0,0,0,fail
M,1,present,9.5,14,28,0,0,0,0,13,41,4,13,3,1,0,0,0,0,0,0,0,0,pass
M,1,present,9.5,7,38,0,0,0,0,8,26,0,1,8,3,0,0,0,0,0,0,0,0,pass
F,1,present,9.5,17,59,0,0,0,0,20,66,1,4,7,2,0,0,0,0,0,1,0,0,fail
M,1,present,8.5,9,29,0,0,0,0,2,5,1,2,1,1,0,0,0,0,0,1,0,0,fail
F,1,present,9,14,20,0,0,0,0,9,31,2,7,5,2,0,0,0,0,0,1,0,0,fail
M,1,present,9.5,10,33,0,0,0,0,23,75,27,87,12,4,0,0,0,0,0,0,0,0,fail
M,1,absent,0,0,5,0,0,0,0,0,0,0,1,1,1,0,0,0,0,0,0,0,0,fail
M,1,present,9.5,0,37,0,0,0,0,3,9,1,4,3,1,0,0,0,0,0,0,0,0,fail
F,1,present,9,20,48,0,0,0,0,25,81,1,5,8,3,0,0,0,0,0,1,0,0,fail
M,1,absent,0,9,0,0,0,0,0,0,1,1,2,0,0,0,0,0,0,0,0,0,0,fail
M,1,present,5.5,8,38,0,0,0,0,4,12,18,59,15,5,0,0,0,0,0,0,0,1,fail
F,1,absent,9.5,0,31,0,0,0,0,11,36,2,6,4,1,0,0,0,0,0,0,0,0,fail
M,1,present,10,26,34,0,0,0,0,11,36,4,12,3,1,0,0,0,0,0,1,0,1,fail
M,1,present,9,16,30,0,0,0,0,8,27,0,1,3,1,0,0,0,0,0,1,0,0,fail
M,1,present,8,1,16,0,0,0,0,3,9,0,1,2,1,0,0,0,0,0,0,0,0,fail
M,1,absent,0,10,8,0,0,0,0,18,60,5,17,22,7,0,0,0,0,0,0,0,0,pass
M,1,absent,0,19,0,0,0,0,0,3,10,1,3,2,1,0,0,0,0,0,1,0,0,fail
M,1,present,0,1,7,0,0,0,0,3,9,0,1,1,1,0,0,0,0,0,0,0,0,fail
M,1,present,9.5,8,42,0,0,0,0,13,42,1,3,4,1,0,0,0,0,0,0,0,0,fail
M,1,present,8.5,8,22,0,0,0,0,9,30,0,1,5,2,0,0,0,0,1,2,0,0,fail
F,1,absent,0,0,2,0,0,0,0,0,0,0,0,0,0,0,0,0,0,0,0,0,0,fail
M,1,absent,9,0,13,0,0,0,0,5,17,0,1,3,1,0,0,0,0,0,0,0,0,fail
M,1,present,2,9,18,0,0,0,0,2,7,7,23,4,1,0,0,0,0,0,0,0,1,fail
M,1,present,9.5,40,94,0,0,0,0,20,66,4,13,9,3,0,0,0,0,0,1,0,0,pass
F,1,absent,6,3,11,0,0,0,0,4,12,0,0,1,1,0,0,0,0,0,1,0,0,fail
F,1,absent,9.5,17,23,0,0,0,0,7,21,1,3,5,2,0,0,0,0,0,0,0,0,fail
F,1,present,10,8,13,0,0,0,0,4,12,0,1,0,0,0,0,0,0,0,0,0,0,fail
M,1,present,8.5,6,31,0,0,0,0,22,72,1,3,14,5,0,0,0,0,0,0,0,0,pass
M,1,present,5,13,21,0,0,0,0,11,36,1,4,10,3,0,0,0,0,0,1,0,0,fail
F,1,present,7.5,9,41,0,0,0,0,7,24,2,8,6,2,0,0,0,0,0,0,0,0,fail
M,1,absent,2,0,7,0,0,0,0,1,3,0,1,1,1,0,0,0,0,0,0,0,0,fail
M,1,present,5,5,20,0,0,0,0,8,27,1,3,8,3,0,0,0,0,1,3,0,1,fail
M,1,absent,8.5,2,5,0,0,0,0,4,12,0,0,1,1,0,0,0,0,0,0,0,0,pass
F,1,present,9.5,2,21,0,0,0,0,2,5,0,1,9,3,0,0,0,0,0,0,0,0,pass
M,1,present,8.5,18,21,0,0,0,0,3,9,1,2,23,8,0,0,0,0,0,0,0,0,fail
M,1,present,7.5,2,6,0,0,0,0,6,20,2,6,4,1,0,0,0,0,0,0,0,0,fail
M,1,absent,0,1,0,0,0,0,0,0,1,0,0,1,0,0,0,0,0,0,0,0,0,fail
M,1,present,0,1,0,0,0,0,0,0,1,0,0,0,0,0,0,0,0,0,0,0,0,fail
M,1,present,5.5,4,14,0,0,0,0,1,3,0,1,0,0,0,0,0,0,0,0,0,0,fail
F,1,present,10,21,30,0,0,0,0,5,18,2,8,9,3,0,0,0,0,0,1,0,1,fail
M,1,absent,0,0,0,0,0,0,0,0,0,0,0,0,0,0,0,0,0,0,0,0,0,fail
F,1,absent,5,22,10,0,0,0,0,4,12,1,2,2,1,0,0,0,0,0,0,0,0,fail
M,1,present,9.5,43,63,0,0,0,0,67,220,3,11,20,7,0,0,0,0,2,6,0,0,fail
M,1,present,9,38,64,0,0,0,0,24,78,3,10,8,3,0,0,0,0,0,1,0,0,pass
M,1,present,8,9,23,0,0,0,0,11,35,3,9,11,4,0,0,0,0,0,1,0,0,fail
M,1,absent,0,1,3,0,0,0,0,0,0,0,0,0,0,0,0,0,0,0,0,0,0,fail
M,1,absent,0,6,5,0,0,0,0,1,4,0,1,1,1,0,0,0,0,0,0,0,0,fail
M,1,present,3,5,21,0,0,0,0,2,8,5,15,5,2,0,0,0,0,0,1,0,0,fail
M,1,present,9.5,11,26,0,0,0,0,4,14,1,4,4,1,0,0,0,0,0,1,0,0,fail
F,1,absent,8.5,24,63,0,0,0,0,51,166,6,20,13,4,0,0,0,0,0,1,0,1,fail
M,1,present,9.5,19,49,0,0,0,0,19,62,3,9,7,2,0,0,0,0,0,1,0,0,pass
M,1,present,10,3,19,0,0,0,0,16,54,3,11,5,2,0,0,0,0,0,1,0,0,pass
M,1,present,6,2,21,0,0,0,0,1,4,2,5,4,1,0,0,0,0,0,0,0,0,fail
M,1,present,10,89,89,0,0,0,0,48,158,6,21,10,3,0,0,0,0,1,2,0,0,fail
M,1,present,0,15,2,0,0,0,0,3,9,3,9,1,1,0,0,0,0,0,1,0,1,fail
F,1,present,8.5,14,19,0,0,0,0,4,12,1,4,2,1,0,0,0,0,0,1,0,1,fail
M,1,present,7.5,8,41,0,0,0,0,20,67,1,4,14,5,0,0,0,0,0,1,0,0,fail
M,1,present,8,7,30,0,0,0,0,1,4,1,2,0,0,0,0,0,0,0,0,0,0,pass
M,1,present,7.5,1,17,0,0,0,0,11,37,3,10,13,4,0,0,0,0,0,1,0,1,pass
M,1,absent,9,4,23,0,0,0,0,3,9,1,3,2,1,0,0,0,0,0,0,0,0,fail
M,1,present,8,1,5,0,0,0,0,3,11,0,1,2,1,0,0,0,0,0,0,0,0,fail
M,1,absent,8.5,2,10,0,0,0,0,3,9,0,1,4,1,0,0,0,0,0,0,0,0,pass
M,1,present,9,117,30,0,0,0,0,7,22,1,4,4,1,0,0,0,0,0,1,0,0,pass
F,1,present,9,20,83,0,0,0,0,15,50,4,12,8,3,0,0,0,0,1,2,0,0,pass
M,1,absent,0,11,0,0,0,0,0,0,1,0,0,0,0,0,0,0,0,0,0,0,0,fail
M,1,present,9.5,8,13,0,0,0,0,0,1,0,1,1,1,0,0,0,0,0,0,0,0,pass
M,1,present,3,9,15,0,0,0,0,2,5,0,1,3,1,0,0,0,0,0,0,0,0,fail
M,1,present,8,8,43,0,0,0,0,19,64,5,15,2,1,0,0,0,0,1,2,0,1,fail
F,1,present,5.5,17,18,0,0,0,0,8,25,1,4,5,2,0,0,0,0,0,0,0,0,pass
F,1,present,3,10,7,0,0,0,0,2,6,0,1,1,1,0,0,0,0,0,1,0,0,fail
M,1,absent,9.5,0,25,0,0,0,0,16,51,0,1,2,1,0,0,0,0,1,2,0,0,pass
M,1,absent,0,16,12,0,0,0,0,4,12,1,3,1,1,0,0,0,0,0,0,0,0,fail
M,1,present,2.5,2,7,0,0,0,0,0,1,0,1,1,1,0,0,0,0,0,0,0,0,fail
M,1,present,10,5,21,0,0,0,0,26,85,4,12,10,3,0,0,0,0,0,0,0,0,pass
M,1,absent,0,1,2,0,0,0,0,0,0,0,1,1,1,0,0,0,0,0,0,0,0,fail
M,1,absent,0,0,0,0,0,0,0,0,1,0,0,0,0,0,0,0,0,0,0,0,0,fail
M,1,present,9.5,20,50,0,0,0,0,30,99,3,10,10,3,0,0,0,0,0,1,0,0,pass
F,1,present,5.5,12,18,0,0,0,0,10,32,1,3,2,1,0,0,0,0,0,0,0,1,fail
F,1,present,7.5,22,28,0,0,0,0,3,10,2,7,15,5,0,0,0,0,0,0,0,0,pass
M,1,present,10,17,27,0,0,0,0,16,53,2,8,7,2,0,0,0,0,0,1,0,1,pass
M,1,present,0,0,1,0,0,0,0,0,0,0,0,2,1,0,0,0,0,0,0,0,0,fail
M,1,absent,9.5,12,11,0,0,0,0,4,13,0,1,5,2,0,0,0,0,0,0,0,0,pass
M,1,present,5,1,5,0,0,0,0,2,7,1,4,1,0,0,0,0,0,0,0,0,0,fail
M,1,present,10,4,26,0,0,0,0,13,42,3,11,3,1,0,0,0,0,0,0,0,0,pass
M,1,present,0,2,3,0,0,0,0,0,1,0,1,1,0,0,0,0,0,0,0,0,0,fail
M,1,present,9.5,4,14,0,0,0,0,7,23,1,4,5,2,0,0,0,0,0,0,0,0,pass
M,1,present,0,10,12,0,0,0,0,2,6,0,0,0,0,0,0,0,0,0,0,0,0,fail
M,1,present,1,3,3,0,0,0,0,2,5,0,1,2,1,0,0,0,0,0,0,0,0,fail
M,1,present,9,9,35,0,0,0,0,5,17,3,11,6,2,0,0,0,0,0,0,0,1,pass
M,1,absent,0,2,4,0,0,0,0,2,7,0,1,1,1,0,0,0,0,0,1,0,0,fail
F,1,present,9,26,69,0,0,0,0,15,49,3,9,5,2,0,0,0,0,1,2,0,0,pass
F,1,present,9.5,27,36,0,0,0,0,13,42,1,4,9,3,0,0,0,0,0,1,0,0,fail
M,1,present,8.5,6,49,0,0,0,0,1,1,0,1,1,1,0,0,0,0,0,0,0,0,fail
M,1,present,8.5,28,31,0,0,0,0,5,18,1,3,10,3,0,0,0,0,0,1,0,1,fail
M,1,absent,9,8,17,0,0,0,0,7,21,2,7,8,3,0,0,0,0,0,0,0,0,pass
M,1,present,5,10,10,0,0,0,0,3,9,1,3,3,1,0,0,0,0,0,1,0,0,fail
M,1,absent,6.5,2,21,0,0,0,0,1,2,0,1,2,1,0,0,0,0,0,0,0,0,fail
M,1,present,9,12,11,0,0,0,0,1,2,1,3,1,1,0,0,0,0,0,1,0,0,fail
M,1,present,9.5,15,36,0,0,0,0,7,23,4,12,13,4,0,0,0,0,0,1,0,0,fail
M,1,present,2.5,2,10,0,0,0,0,3,11,0,1,1,1,0,0,0,0,0,0,0,0,fail
M,1,present,8,11,27,0,0,0,0,36,118,9,28,26,9,0,0,0,0,0,1,0,1,pass
M,1,present,9,12,30,0,0,0,0,18,58,8,26,11,4,0,0,0,0,0,0,0,0,pass
M,1,absent,0,2,7,0,0,0,0,1,2,0,0,1,1,0,0,0,0,0,0,0,0,fail
M,1,absent,10,1,46,0,0,0,0,14,46,1,4,4,1,0,0,0,0,0,1,0,0,pass
F,1,present,10,42,92,0,0,0,0,12,39,23,76,5,2,0,0,0,0,0,1,1,5,fail
M,1,present,9,10,21,0,0,0,0,8,26,1,3,11,4,0,0,0,0,0,0,0,0,pass
M,1,present,7.5,19,45,0,0,0,0,21,69,9,30,12,4,0,0,0,0,0,0,0,1,pass
F,1,absent,7.5,0,21,0,0,0,0,10,32,0,1,7,2,0,0,0,0,0,0,0,0,pass
M,1,absent,10,7,18,0,0,0,0,14,46,4,12,3,1,0,0,0,0,0,1,0,0,fail
M,1,present,7.5,34,12,0,0,0,0,2,5,0,1,2,1,0,0,0,0,0,0,0,0,fail
M,1,absent,0,0,2,0,0,0,0,1,2,0,1,1,1,0,0,0,0,0,0,0,0,fail
M,1,absent,0,0,0,0,0,0,0,0,0,0,0,0,0,0,0,0,0,0,0,0,0,fail
M,1,present,10,13,21,0,0,0,0,13,44,2,6,3,1,0,0,0,0,1,2,0,0,fail
M,1,present,9.5,0,2,0,0,0,0,0,1,0,1,2,1,0,0,0,0,0,0,0,0,fail
M,1,present,10,21,28,0,0,0,0,13,42,3,11,9,3,0,0,0,0,0,0,0,0,fail
M,1,present,10,20,15,0,0,0,0,6,20,1,4,7,2,0,0,0,0,0,1,0,0,fail
F,1,present,10,9,31,0,0,0,0,15,50,8,27,3,1,0,0,0,0,0,1,0,0,pass
M,1,present,1,5,16,0,0,0,0,3,10,1,1,4,1,0,0,0,0,0,0,0,0,fail
M,1,present,8.5,24,57,0,0,0,0,11,38,9,31,6,2,0,0,0,0,0,0,0,1,fail
M,1,present,8,3,27,0,0,0,0,1,2,7,23,3,1,0,0,0,0,0,0,0,0,fail
F,1,present,5.5,6,12,0,0,0,0,1,3,1,3,7,2,0,0,0,0,0,0,0,0,fail
M,1,absent,10,11,12,0,0,0,0,2,5,1,4,0,0,0,0,0,0,0,0,0,0,fail
M,1,absent,0,5,11,0,0,0,0,0,1,0,0,1,1,0,0,0,0,0,0,0,0,fail
M,1,present,8.5,7,23,0,0,0,0,2,7,1,3,3,1,0,0,0,0,0,0,0,0,fail
M,1,present,8,3,29,0,0,0,0,17,54,3,9,8,3,0,0,0,0,0,1,0,1,pass
F,1,present,0,5,7,0,0,0,0,1,4,1,2,1,1,0,0,0,0,0,0,0,0,fail
F,1,present,7,9,17,0,0,0,0,3,10,1,2,2,1,0,0,0,0,0,0,0,0,fail
M,1,absent,0,0,21,0,0,0,0,7,22,1,5,1,1,0,0,0,0,0,0,0,1,fail
M,1,present,0,2,2,0,0,0,0,1,2,0,0,0,0,0,0,0,0,0,0,0,0,fail
M,1,present,10,24,22,0,0,0,0,2,6,1,2,1,1,0,0,0,0,0,1,0,0,fail
M,1,present,9.5,21,35,0,0,0,0,16,51,14,47,15,5,0,0,0,0,0,0,0,0,pass
M,1,present,9.5,4,33,0,0,0,0,19,62,10,34,4,1,0,0,0,0,0,0,0,0,pass
F,1,present,10,23,93,0,0,0,0,45,148,36,119,21,7,0,0,0,0,0,1,1,3,pass
M,1,present,10,10,23,0,0,0,0,13,41,5,15,3,1,0,0,0,0,0,1,0,0,fail
M,1,present,10,24,27,0,0,0,0,9,30,3,10,3,1,0,0,0,0,0,1,0,1,fail
M,1,present,10,4,22,0,0,0,0,47,154,37,121,18,6,0,0,0,0,0,1,0,1,pass
M,1,present,6.5,2,1,0,0,0,0,0,1,0,0,2,1,0,0,0,0,0,0,0,0,fail
M,1,absent,9,4,33,0,0,0,0,4,12,2,8,5,2,0,0,0,0,0,1,0,0,pass
M,1,present,8.5,3,38,0,0,0,0,8,26,6,19,3,1,0,0,0,0,0,0,0,1,fail
M,1,absent,8.5,3,10,0,0,0,0,7,23,2,8,10,3,0,0,0,0,0,0,0,0,fail
F,1,present,8,18,44,0,0,0,0,16,51,8,26,10,3,0,0,0,0,0,1,0,0,pass
F,1,present,5,6,6,0,0,0,0,1,2,3,10,5,2,0,0,0,0,0,0,0,0,fail
M,1,present,10,13,10,0,0,0,0,2,7,1,2,3,1,0,0,0,0,0,0,0,0,fail
M,1,present,9,11,36,0,0,0,0,30,99,30,100,13,4,0,0,0,0,0,0,1,2,pass
M,1,present,10,14,35,0,0,0,0,5,17,3,10,3,1,0,0,0,0,0,1,0,0,fail
F,1,absent,0,3,13,0,0,0,0,1,3,1,5,3,1,0,0,0,0,0,0,0,0,fail
M,1,present,0,11,3,0,0,0,0,2,6,0,1,0,0,0,0,0,0,0,1,0,0,fail
M,1,absent,9,5,7,0,0,0,0,1,4,1,2,2,1,0,0,0,0,0,0,0,1,fail
M,1,present,9.5,13,17,0,0,0,0,5,16,3,11,3,1,0,0,0,0,0,1,0,0,pass
F,1,absent,6,2,2,0,0,0,0,1,3,1,2,4,1,0,0,0,0,0,0,0,0,pass
M,1,absent,10,1,14,0,0,0,0,14,46,9,29,3,1,0,0,0,0,0,1,0,0,fail
M,1,present,5,2,13,0,0,0,0,8,26,12,38,4,1,0,0,0,0,0,1,0,0,fail
M,1,present,8.5,3,13,0,0,0,0,1,1,0,1,2,1,0,0,0,0,0,0,0,0,fail
M,1,present,7.5,7,9,0,0,0,0,2,8,1,1,1,1,0,0,0,0,0,0,0,0,fail
F,1,present,9.5,4,18,0,0,0,0,8,28,2,5,6,2,0,0,0,0,0,0,0,0,fail
M,1,present,9,22,40,0,0,0,0,6,19,2,7,11,4,0,0,0,0,0,0,0,0,pass
M,1,present,0,6,6,0,0,0,0,2,5,1,2,2,1,0,0,0,0,0,0,0,0,fail
M,1,present,10,5,26,0,0,0,0,4,14,3,9,0,0,0,0,0,0,0,0,0,0,pass
M,1,present,8.5,5,8,0,0,0,0,1,5,1,3,6,2,0,0,0,0,0,0,0,0,pass
F,1,present,10,6,27,0,0,0,0,7,22,1,5,2,1,0,0,0,0,0,1,0,0,fail
F,1,present,9,16,16,0,0,0,0,7,23,5,17,9,3,0,0,0,0,0,0,0,1,fail
F,1,present,8,5,17,0,0,0,0,2,6,2,6,2,1,0,0,0,0,0,0,0,0,fail
M,1,absent,9.5,5,25,0,0,0,0,12,39,1,4,4,1,0,0,0,0,0,0,0,0,pass
M,1,absent,7.5,4,23,0,0,0,0,9,29,2,5,7,2,0,0,0,0,0,1,0,1,pass
M,1,present,8.5,20,22,0,0,0,0,8,25,3,11,4,1,0,0,0,0,0,0,0,0,fail
M,1,present,0,11,6,0,0,0,0,0,1,2,6,0,0,0,0,0,0,0,0,0,0,fail
M,1,present,7,0,11,0,0,0,0,9,30,3,9,2,1,0,0,0,0,0,1,0,0,fail
M,1,present,9.5,2,25,0,0,0,0,7,24,5,18,4,1,0,0,0,0,0,0,0,0,fail
F,1,present,9.5,0,21,0,0,0,0,12,40,2,6,7,2,0,0,0,0,1,3,0,0,fail
M,1,present,10,9,24,0,0,0,0,3,10,7,21,3,1,0,0,0,0,0,1,0,1,pass
F,1,absent,9,23,55,0,0,0,0,13,44,2,8,9,3,0,0,0,0,0,1,0,0,fail
M,1,present,10,19,39,0,0,0,0,42,137,15,51,11,4,0,0,0,0,0,1,0,1,pass
M,1,present,0,0,5,0,0,0,0,1,3,1,4,0,0,0,0,0,0,0,0,0,0,fail
M,1,present,10,8,26,0,0,0,0,28,92,2,6,8,3,0,0,0,0,0,0,0,0,pass
F,1,present,8,21,33,0,0,0,0,2,6,0,1,6,2,0,0,0,0,0,1,0,0,fail
M,1,present,10,8,47,0,0,0,0,18,60,10,33,4,1,0,0,0,0,0,0,0,0,fail
M,1,present,9.5,2,9,0,0,0,0,3,10,0,1,1,1,0,0,0,0,0,0,0,0,fail
M,1,present,0,4,5,0,0,0,0,3,11,1,3,3,1,0,0,0,0,0,1,0,0,fail
M,1,absent,8.5,1,18,0,0,0,0,6,21,3,9,2,1,0,0,0,0,0,1,0,0,fail
M,1,present,10,7,32,0,0,0,0,16,54,9,30,5,2,0,0,0,0,0,1,1,1,fail
F,1,present,10,6,41,0,0,0,0,11,35,25,83,8,3,0,0,0,0,0,1,2,6,pass
M,1,present,10,9,31,0,0,0,0,4,12,2,5,2,1,0,0,0,0,0,0,0,0,pass
M,1,present,6,2,19,0,0,0,0,12,39,9,28,2,1,0,0,0,0,0,0,0,0,fail
M,1,present,7.5,13,19,0,0,0,0,1,4,0,1,2,1,0,0,0,0,0,1,0,0,fail
F,1,absent,0,11,1,0,0,0,0,1,3,0,1,1,0,0,0,0,0,0,1,0,0,fail
F,1,present,10,5,14,0,0,0,0,28,92,6,20,14,5,0,0,0,0,0,1,0,0,pass
M,1,absent,0,2,0,0,0,0,0,0,1,0,0,0,0,0,0,0,0,0,0,0,0,fail
M,1,present,10,0,13,0,0,0,0,7,22,1,4,3,1,0,0,0,0,0,1,0,0,fail
M,1,present,7.5,24,92,0,0,0,0,56,185,13,42,21,7,0,0,0,0,1,2,1,2,fail
M,1,present,5,9,8,0,0,0,0,2,7,1,3,3,1,0,0,0,0,0,0,0,0,fail
M,1,present,6.5,1,8,0,0,0,0,1,3,1,2,1,1,0,0,0,0,0,0,0,0,fail
F,1,present,9.5,19,26,0,0,0,0,7,23,2,5,7,2,0,0,0,0,0,1,0,0,fail
M,1,absent,10,8,16,0,0,0,0,2,6,0,1,5,2,0,0,0,0,0,0,0,0,pass
M,1,present,9,11,24,0,0,0,0,2,8,7,23,2,1,0,0,0,0,0,0,0,0,pass
M,1,present,8,3,13,0,0,0,0,2,8,9,29,8,3,0,0,0,0,0,0,0,0,fail
M,1,absent,0,0,0,0,0,0,0,0,0,0,0,0,0,0,0,0,0,0,0,0,0,fail
M,1,present,10,4,15,0,0,0,0,6,20,1,2,3,1,0,0,0,0,0,0,0,1,pass
M,1,present,10,62,91,0,0,0,0,43,141,21,69,17,6,0,0,0,0,1,4,0,1,pass
M,1,present,9,7,13,0,0,0,0,11,35,2,6,8,3,0,0,0,0,0,0,0,0,pass
M,1,present,8.5,6,24,0,0,0,0,2,7,0,0,2,1,0,0,0,0,0,0,0,0,fail
M,1,absent,10,2,8,0,0,0,0,2,7,2,7,7,2,0,0,0,0,0,0,0,0,fail
M,1,absent,9.5,0,12,0,0,0,0,1,2,0,1,5,2,0,0,0,0,0,0,0,0,fail
M,1,absent,0,9,1,0,0,0,0,1,3,0,1,1,1,0,0,0,0,0,0,0,0,fail
M,1,present,9.5,8,15,0,0,0,0,4,14,1,3,6,2,0,0,0,0,0,1,0,0,fail
M,1,absent,9,22,8,0,0,0,0,1,3,0,1,4,1,0,0,0,0,0,0,0,0,fail
M,1,absent,0,6,2,0,0,0,0,1,3,0,1,0,0,0,0,0,0,0,1,0,0,fail
M,1,present,9,4,19,0,0,0,0,3,8,0,1,3,1,0,0,0,0,0,0,0,0,fail
M,1,absent,0,7,16,0,0,0,0,1,2,5,17,3,1,0,0,0,0,0,0,0,0,fail
F,1,present,8,16,21,0,0,0,0,12,40,1,2,8,3,0,0,0,0,0,1,0,0,pass
M,1,absent,10,7,60,0,0,0,0,16,51,1,3,6,2,0,0,0,0,0,1,0,0,fail
M,1,present,10,3,11,0,0,0,0,18,60,10,33,21,7,0,0,0,0,0,0,0,0,fail
F,1,present,9,19,19,0,0,0,0,4,12,8,26,5,2,0,0,0,0,0,1,0,0,fail
F,1,present,5,4,10,0,0,0,0,1,4,1,5,2,1,0,0,0,0,0,0,0,0,fail
M,1,absent,0,0,0,0,0,0,0,0,0,0,0,1,1,0,0,0,0,0,0,0,0,fail
F,1,absent,8,0,8,0,0,0,0,1,2,0,1,0,0,0,0,0,0,0,0,0,0,fail
F,1,present,6.5,7,58,0,0,0,0,28,93,32,105,21,7,0,0,0,0,0,0,0,1,fail
M,1,absent,10,1,6,0,0,0,0,3,8,0,0,1,0,0,0,0,0,0,0,0,0,pass
M,1,present,10,15,62,0,0,0,0,30,98,21,68,20,7,0,0,0,0,0,1,0,0,pass
M,1,absent,7.5,12,12,0,0,0,0,4,12,1,3,1,1,0,0,0,0,0,0,0,0,fail
M,1,present,9.5,16,32,0,0,0,0,11,35,17,55,6,2,0,0,0,0,0,1,1,3,fail
M,1,present,10,32,39,0,0,0,0,17,56,3,9,5,2,0,0,0,0,0,1,0,1,fail
M,1,absent,10,18,29,0,0,0,0,13,43,2,6,14,5,0,0,0,0,0,0,0,0,pass
M,1,present,8,7,16,0,0,0,0,4,12,1,2,3,1,0,0,0,0,0,0,0,0,fail
M,1,present,8,7,38,0,0,0,0,1,4,11,36,3,1,0,0,0,0,0,0,0,0,fail
F,1,absent,10,1,21,0,0,0,0,50,163,16,54,14,5,0,0,0,0,0,1,0,1,pass
F,1,absent,0,4,2,0,0,0,0,1,2,1,2,1,1,0,0,0,0,0,0,0,0,fail
M,1,absent,0,1,0,0,0,0,0,0,1,0,0,0,0,0,0,0,0,0,0,0,0,fail
M,1,present,9,42,39,0,0,0,0,4,12,2,5,4,1,0,0,0,0,0,0,0,0,fail
F,1,present,8,12,58,0,0,0,0,31,103,20,65,12,4,0,0,0,0,0,0,0,0,fail
M,1,present,10,12,37,0,0,0,0,15,50,3,9,11,4,0,0,0,0,0,0,0,0,fail
M,1,absent,9,11,30,0,0,0,0,4,14,0,1,2,1,0,0,0,0,0,1,0,0,fail
M,1,present,6.5,8,12,0,0,0,0,1,2,0,0,0,0,0,0,0,0,0,1,0,0,fail
M,1,present,10,9,46,0,0,0,0,22,73,3,10,6,2,0,0,0,0,0,1,0,0,pass
F,1,present,4,8,22,0,0,0,0,1,3,0,1,3,1,0,0,0,0,0,0,0,0,fail
M,1,absent,8.5,3,14,0,0,0,0,4,13,1,3,5,2,0,0,0,0,0,0,0,0,fail
M,1,absent,9,39,44,0,0,0,0,7,24,7,23,15,5,0,0,0,0,0,0,0,0,fail
M,1,present,0,7,1,0,0,0,0,1,3,0,1,0,0,0,0,0,0,0,1,0,0,fail
M,1,absent,0,2,1,0,0,0,0,0,1,0,0,2,1,0,0,0,0,0,0,0,0,fail
M,1,absent,7.5,5,55,0,0,0,0,14,46,3,10,7,2,0,0,0,0,0,1,0,1,fail
M,1,present,9.5,17,30,0,0,0,0,20,66,4,13,7,2,0,0,0,0,0,1,0,0,pass
M,1,present,7,1,16,0,0,0,0,5,17,1,2,4,1,0,0,0,0,0,0,0,0,fail
F,1,present,5,9,19,0,0,0,0,10,32,2,7,4,1,0,0,0,0,0,0,0,0,fail
M,1,present,7,3,10,0,0,0,0,2,6,3,8,3,1,0,0,0,0,0,0,0,1,fail
M,1,present,9.5,8,20,0,0,0,0,4,12,0,1,4,1,0,0,0,0,0,0,0,0,fail
F,1,present,9.5,14,19,0,0,0,0,4,15,4,12,4,1,0,0,0,0,0,0,0,0,fail
M,1,present,7.5,42,18,0,0,0,0,2,8,2,6,9,3,0,0,0,0,0,0,0,0,fail
M,1,present,6.5,5,30,0,0,0,0,10,32,1,3,1,1,0,0,0,0,0,0,0,0,fail
M,1,absent,0,5,0,0,0,0,0,1,2,0,1,0,0,0,0,0,0,0,0,0,0,fail
F,1,present,9,18,39,0,0,0,0,7,22,1,4,2,1,0,0,0,0,0,1,0,0,fail
M,1,present,8.5,17,39,0,0,0,0,7,23,4,14,4,1,0,0,0,0,0,0,0,1,fail
F,1,absent,0,5,0,0,0,0,0,1,3,0,1,2,1,0,0,0,0,0,0,0,0,fail
M,1,present,5,18,22,0,0,0,0,21,70,4,13,15,5,0,0,0,0,0,1,0,0,fail
M,1,present,0,11,5,0,0,0,0,1,2,0,1,0,0,0,0,0,0,0,0,0,0,fail
M,1,present,9.5,4,18,0,0,0,0,9,29,10,34,9,3,0,0,0,0,0,1,0,1,pass
M,1,present,10,15,29,0,0,0,0,2,6,2,5,2,1,0,0,0,0,0,0,0,0,pass
M,1,present,9,8,15,0,0,0,0,9,31,5,15,3,1,0,0,0,0,0,1,0,1,fail
M,1,present,10,31,32,0,0,0,0,14,47,6,19,29,10,0,0,0,0,0,0,0,1,pass
M,1,absent,0,1,4,0,0,0,0,1,2,0,0,2,1,0,0,0,0,0,0,0,0,fail
M,1,present,9,6,13,0,0,0,0,3,10,1,1,3,1,0,0,0,0,0,0,0,0,fail
M,1,absent,0.5,2,21,0,0,0,0,1,2,0,1,2,1,0,0,0,0,0,0,0,0,fail
M,1,present,6.5,6,20,0,0,0,0,7,22,10,32,2,1,0,0,0,0,0,1,1,2,fail
M,1,present,7,7,4,0,0,0,0,3,9,1,3,6,2,0,0,0,0,0,0,0,0,pass
F,1,present,7.5,8,31,0,0,0,0,7,23,15,49,7,2,0,0,0,0,0,1,1,1,fail
M,1,present,6.5,2,6,0,0,0,0,0,1,0,0,7,2,0,0,0,0,0,0,0,0,fail
M,1,present,8,3,9,0,0,0,0,18,58,4,12,5,2,0,0,0,0,0,0,0,0,fail
M,1,absent,0,1,2,0,0,0,0,0,0,0,0,0,0,0,0,0,0,0,0,0,0,fail
M,1,absent,0,2,0,0,0,0,0,0,1,0,0,1,0,0,0,0,0,0,0,0,0,fail
M,1,present,8.5,28,19,0,0,0,0,3,9,1,2,5,2,0,0,0,0,0,1,0,0,fail
M,1,present,8,14,17,0,0,0,0,3,10,0,1,3,1,0,0,0,0,0,0,0,0,fail
M,1,present,9.5,19,33,0,0,0,0,11,35,4,12,4,1,0,0,0,0,0,1,0,0,pass
M,1,present,8.5,12,28,0,0,0,0,4,13,1,4,1,1,0,0,0,0,0,0,0,0,pass
F,1,present,7,2,15,0,0,0,0,5,16,0,0,4,1,0,0,0,0,0,0,0,0,pass
F,1,present,9,7,22,0,0,0,0,16,53,3,9,14,5,0,0,0,0,0,0,0,0,fail
M,1,present,9.5,77,31,0,0,0,0,6,20,1,4,3,1,0,0,0,0,0,1,0,0,fail
F,1,absent,5,0,1,0,0,0,0,0,1,0,0,2,1,0,0,0,0,0,0,0,0,fail
F,1,present,9,18,23,0,0,0,0,15,48,2,8,5,2,0,0,0,0,0,0,0,0,fail
M,1,present,10,30,55,0,0,0,0,7,24,4,14,6,2,0,0,0,0,0,1,0,1,pass
M,1,present,10,8,16,0,0,0,0,3,9,0,0,2,1,0,0,0,0,0,1,0,0,pass
F,1,present,9,11,14,0,0,0,0,1,1,0,0,1,1,0,0,0,0,0,0,0,0,fail
M,1,absent,9,0,3,0,0,0,0,0,1,0,1,1,1,0,0,0,0,0,0,0,0,fail
M,1,present,9.5,46,114,0,0,0,0,39,127,8,27,10,3,0,0,0,0,2,6,0,1,fail
F,1,present,9,28,44,0,0,0,0,12,40,3,10,5,2,0,0,0,0,0,0,0,0,fail
M,1,present,7,13,25,0,0,0,0,11,35,1,2,2,1,0,0,0,0,1,3,0,1,fail
M,1,present,0,18,5,0,0,0,0,0,1,2,6,2,1,0,0,0,0,0,0,0,1,fail
F,1,present,9.5,17,25,0,0,0,0,5,17,2,6,16,5,0,0,0,0,0,1,0,1,pass
F,1,present,7.5,29,68,0,0,0,0,55,182,12,39,22,7,0,0,0,0,1,2,0,1,fail
M,1,present,9.5,39,80,0,0,0,0,42,140,19,63,16,5,0,0,0,0,0,1,0,0,fail
M,1,present,10,1,14,0,0,0,0,6,18,0,1,3,1,0,0,0,0,0,0,0,0,pass
M,1,absent,0,3,0,0,0,0,0,0,1,0,0,0,0,0,0,0,0,0,0,0,0,fail
M,1,present,9,24,23,0,0,0,0,2,6,1,2,1,1,0,0,0,0,0,0,0,0,fail
M,1,absent,8.5,34,27,0,0,0,0,10,34,5,15,3,1,0,0,0,0,0,1,0,1,fail
M,1,present,5,0,16,0,0,0,0,5,16,4,15,2,1,0,0,0,0,0,0,0,0,fail
F,1,present,8,20,57,0,0,0,0,49,160,17,56,21,7,0,0,0,0,0,1,0,0,fail
M,1,present,10,16,30,0,0,0,0,12,38,6,18,1,1,0,0,0,0,0,1,0,0,fail
M,1,absent,9,19,25,0,0,0,0,5,17,2,6,8,3,0,0,0,0,0,1,0,1,fail
M,1,present,10,6,29,0,0,0,0,13,43,1,4,6,2,0,0,0,0,0,1,0,0,pass
F,1,present,6.5,1,25,0,0,0,0,3,9,0,1,3,1,0,0,0,0,0,0,0,0,fail
M,1,present,9,3,20,0,0,0,0,7,22,4,13,11,4,0,0,0,0,0,0,0,0,pass
M,1,present,10,36,32,0,0,0,0,24,78,26,85,8,3,0,0,0,0,0,1,1,2,pass
F,1,present,8.5,25,20,0,0,0,0,4,13,2,7,4,1,0,0,0,0,0,1,0,0,fail
M,1,present,9.5,23,42,0,0,0,0,15,49,1,4,5,2,0,0,0,0,0,0,0,0,pass
M,1,absent,7,0,7,0,0,0,0,1,3,0,0,1,0,0,0,0,0,0,0,0,0,fail
F,1,present,6,5,43,0,0,0,0,25,81,16,52,7,2,0,0,0,0,0,0,1,2,fail
M,1,present,9,42,48,0,0,0,0,14,45,14,47,6,2,0,0,0,0,0,1,0,1,fail
M,1,present,5,7,12,0,0,0,0,6,20,0,1,1,1,0,0,0,0,0,1,0,0,fail
M,1,present,7.5,9,22,0,0,0,0,8,26,1,3,3,1,0,0,0,0,0,1,0,0,pass
M,1,present,6,6,13,0,0,0,0,7,25,4,15,3,1,0,0,0,0,0,0,0,0,fail
M,1,present,5.5,17,26,0,0,0,0,3,8,2,6,3,1,0,0,0,0,0,0,0,0,fail
F,1,present,7,9,54,0,0,0,0,36,120,8,28,20,7,0,0,0,0,1,2,0,0,fail
F,1,present,9,8,34,0,0,0,0,8,27,2,5,3,1,0,0,0,0,0,0,0,0,fail
F,1,present,6.5,3,12,0,0,0,0,2,7,0,1,8,3,0,0,0,0,0,0,0,0,fail
M,1,absent,10,6,35,0,0,0,0,8,26,7,24,3,1,0,0,0,0,0,1,0,1,fail
M,1,absent,0,0,6,0,0,0,0,1,4,0,0,1,0,0,0,0,0,0,0,0,0,fail
M,1,present,9.5,23,54,0,0,0,0,16,52,11,37,2,1,0,0,0,0,0,1,0,1,pass
M,1,present,10,2,7,0,0,0,0,15,48,5,15,6,2,0,0,0,0,2,5,0,1,fail
M,1,present,9.5,2,16,0,0,0,0,8,27,1,3,4,1,0,0,0,0,0,1,0,0,fail
M,1,present,10,20,32,0,0,0,0,11,36,3,11,2,1,0,0,0,0,0,1,0,1,fail
M,1,present,0,8,11,0,0,0,0,2,7,1,2,1,1,0,0,0,0,0,0,0,0,fail
F,1,present,2.5,8,29,0,0,0,0,4,12,3,10,7,2,0,0,0,0,0,1,0,1,fail
M,1,present,7,2,9,0,0,0,0,7,23,0,1,5,2,0,0,0,0,0,1,0,0,fail
M,1,present,8,10,30,0,0,0,0,6,19,1,4,1,1,0,0,0,0,0,1,0,1,fail
M,1,present,9,16,21,0,0,0,0,3,8,1,3,5,2,0,0,0,0,0,0,0,0,fail
F,1,present,9.5,16,27,0,0,0,0,5,17,2,7,6,2,0,0,0,0,0,0,0,0,pass
F,1,absent,0,10,4,0,0,0,0,3,10,1,3,2,1,0,0,0,0,0,0,0,1,fail
F,1,present,0,0,7,0,0,0,0,0,1,0,1,0,0,0,0,0,0,0,0,0,0,fail
M,1,absent,2,4,11,0,0,0,0,4,12,1,3,1,1,0,0,0,0,0,0,0,0,fail
M,1,present,9.5,4,13,0,0,0,0,3,11,1,5,4,1,0,0,0,0,0,0,0,0,pass
M,1,present,2.5,7,35,0,0,0,0,20,66,9,31,9,3,0,0,0,0,0,1,0,0,fail
M,1,present,7.5,1,17,0,0,0,0,5,16,7,23,5,2,0,0,0,0,0,1,0,0,pass
M,1,present,7.5,5,25,0,0,0,0,10,32,2,7,4,1,0,0,0,0,0,0,0,0,fail
M,1,present,9.5,7,20,0,0,0,0,14,46,8,26,3,1,0,0,0,0,0,0,0,0,pass
M,1,present,0,9,12,0,0,0,0,1,3,0,0,0,0,0,0,0,0,0,1,0,0,fail
M,1,present,9.5,6,14,0,0,0,0,1,4,3,11,2,1,0,0,0,0,0,0,0,1,fail
F,1,present,8.5,14,30,0,0,0,0,4,15,7,24,2,1,0,0,0,0,0,0,0,0,fail
M,1,present,5.5,10,4,0,0,0,0,1,3,1,2,2,1,0,0,0,0,0,0,0,0,fail
F,1,absent,0,0,0,0,0,0,0,0,0,0,0,0,0,0,0,0,0,0,0,0,0,fail
F,1,present,9,20,24,0,0,0,0,4,12,1,2,5,2,0,0,0,0,0,1,0,0,fail
M,1,absent,0,8,0,0,0,0,0,0,1,0,1,1,1,0,0,0,0,0,0,0,0,fail
M,1,present,10,19,49,0,0,0,0,21,70,4,12,4,1,0,0,0,0,0,1,0,1,pass
M,1,present,9,16,28,0,0,0,0,4,13,0,1,2,1,0,0,0,0,0,0,0,0,fail
M,1,present,10,8,48,0,0,0,0,98,321,7,24,6,2,0,0,0,0,2,6,0,1,fail
M,1,absent,10,11,68,0,0,0,0,34,110,15,51,7,2,0,0,0,0,1,1,0,0,pass
M,1,present,9.5,20,34,0,0,0,0,5,16,4,14,2,1,0,0,0,0,0,0,0,1,fail
M,1,present,10,17,42,0,0,0,0,29,97,14,46,23,8,0,0,0,0,0,1,0,1,pass
F,1,present,0,5,10,0,0,0,0,5,15,1,2,2,1,0,0,0,0,0,0,0,0,fail
M,1,present,9,0,7,0,0,0,0,2,7,1,2,2,1,0,0,0,0,0,0,0,0,pass
M,1,present,9,25,24,0,0,0,0,5,18,3,11,12,4,0,0,0,0,0,0,0,1,fail
F,1,present,10,12,49,0,0,0,0,4,13,5,17,6,2,0,0,0,0,0,0,0,1,pass
M,1,present,9,10,63,0,0,0,0,28,93,4,15,1,0,0,0,0,0,0,1,0,0,fail
F,1,present,9.5,4,41,0,0,0,0,13,41,11,37,2,1,0,0,0,0,0,0,0,1,fail
F,1,present,10,1,4,0,0,0,0,0,1,0,0,3,1,0,0,0,0,0,0,0,0,fail
M,1,present,9.5,4,21,0,0,0,0,4,14,10,32,4,1,0,0,0,0,0,0,0,1,pass
M,1,absent,7,28,24,0,0,0,0,5,17,1,4,3,1,0,0,0,0,0,0,0,0,fail
F,1,absent,0,2,0,0,0,0,0,0,1,0,0,0,0,0,0,0,0,0,0,0,0,fail
F,1,present,9.5,22,49,0,0,0,0,39,127,32,104,18,6,0,0,0,0,0,0,0,0,pass
F,1,present,10,1,2,0,0,0,0,0,1,0,0,1,1,0,0,0,0,0,0,0,0,fail
M,1,absent,1,8,11,0,0,0,0,1,4,0,1,2,1,0,0,0,0,0,0,0,0,fail
M,1,present,9.5,0,14,0,0,0,0,3,11,2,5,4,1,0,0,0,0,0,0,0,0,fail
F,1,present,10,9,34,0,0,0,0,1,4,2,8,2,1,0,0,0,0,0,0,0,1,pass
F,1,absent,9.5,14,36,0,0,0,0,7,22,2,8,5,2,0,0,0,0,0,1,0,1,fail
M,1,present,9.5,5,26,0,0,0,0,11,36,0,1,3,1,0,0,0,0,0,0,0,0,fail
M,1,present,0,20,22,0,0,0,0,2,6,0,1,1,1,0,0,0,0,0,0,0,0,fail
M,1,present,10,32,70,0,0,0,0,18,59,19,63,5,2,0,0,0,0,0,1,1,2,fail
M,1,present,6.5,2,24,0,0,0,0,7,22,1,1,3,1,0,0,0,0,0,0,0,0,fail
F,1,absent,0,0,0,0,0,0,0,0,0,0,0,0,0,0,0,0,0,0,0,0,0,fail
M,1,present,7.5,3,4,0,0,0,0,1,1,0,1,1,1,0,0,0,0,0,0,0,0,fail
M,1,present,0,0,0,0,0,0,0,0,0,0,0,0,0,0,0,0,0,0,0,0,0,fail
M,1,present,9.5,24,45,0,0,0,0,12,40,5,18,7,2,0,0,0,0,0,1,0,0,fail
M,1,present,10,6,49,0,0,0,0,19,61,1,4,10,3,0,0,0,0,1,2,0,1,fail
F,1,present,9.5,3,21,0,0,0,0,5,15,4,12,2,1,0,0,0,0,0,1,0,1,fail
M,1,present,10,19,32,0,0,0,0,30,97,19,64,25,8,0,0,0,0,0,1,0,1,pass
M,1,present,4.5,12,34,0,0,0,0,4,14,2,8,6,2,0,0,0,0,0,0,0,0,fail
M,1,absent,7.5,1,6,0,0,0,0,2,6,1,3,6,2,0,0,0,0,0,0,0,0,fail
M,1,present,10,19,16,0,0,0,0,1,2,0,1,2,1,0,0,0,0,0,0,0,0,fail
M,1,present,3,0,4,0,0,0,0,1,2,0,1,0,0,0,0,0,0,0,0,0,0,fail
M,1,absent,2.5,7,48,0,0,0,0,17,55,3,8,16,5,0,0,0,0,0,0,0,1,fail
F,1,present,5.5,27,59,0,0,0,0,30,98,15,48,38,13,0,0,0,0,0,1,0,1,fail
M,1,present,10,1,7,0,0,0,0,11,35,4,14,6,2,0,0,0,0,0,1,0,0,fail
M,1,present,9,10,13,0,0,0,0,6,20,1,4,4,1,0,0,0,0,0,0,0,0,fail
M,1,present,9,0,9,0,0,0,0,3,10,1,3,2,1,0,0,0,0,0,0,0,0,pass
M,1,absent,10,20,28,0,0,0,0,12,38,2,7,8,3,0,0,0,0,0,1,0,0,fail
M,1,present,7,0,5,0,0,0,0,2,6,0,1,2,1,0,0,0,0,0,0,0,0,pass
M,1,present,9,9,20,0,0,0,0,3,9,2,6,5,2,0,0,0,0,0,0,0,0,pass
M,1,absent,9,1,26,0,0,0,0,23,75,3,11,6,2,0,0,0,0,0,0,0,0,fail
M,1,absent,9.5,0,19,0,0,0,0,8,27,1,5,3,1,0,0,0,0,0,0,0,0,fail
M,1,present,9.5,5,41,0,0,0,0,2,8,2,5,2,1,0,0,0,0,0,1,0,0,pass
M,1,absent,0,0,1,0,0,0,0,0,0,0,0,0,0,0,0,0,0,0,0,0,0,fail
M,1,present,7,13,39,0,0,0,0,17,54,3,9,6,2,0,0,0,0,0,1,0,0,fail
M,1,present,9.5,40,99,0,0,0,0,69,228,33,108,24,8,0,0,0,0,1,3,0,1,pass
M,1,absent,0,1,0,0,0,0,0,0,0,0,0,0,0,0,0,0,0,0,0,0,0,fail
M,1,present,0,0,3,0,0,0,0,0,1,0,0,0,0,0,0,0,0,0,0,0,0,fail
M,1,present,0,3,2,0,0,0,0,1,2,0,0,0,0,0,0,0,0,0,0,0,0,fail
M,1,present,10,1,11,0,0,0,0,3,10,3,10,5,2,0,0,0,0,0,0,0,0,fail
F,1,present,8.5,6,16,0,0,0,0,15,49,3,10,2,1,0,0,0,0,0,0,0,0,fail
F,1,absent,4.5,10,11,0,0,0,0,4,13,2,5,4,1,0,0,0,0,0,1,0,0,fail
M,1,present,9,33,46,0,0,0,0,13,42,9,30,13,4,0,0,0,0,0,0,0,0,fail
M,1,present,9.5,13,41,0,0,0,0,15,49,13,41,8,3,0,0,0,0,0,1,1,1,fail
F,1,present,0,10,3,0,0,0,0,6,20,1,1,0,0,0,0,0,0,1,1,0,0,fail
M,1,absent,9.5,2,17,0,0,0,0,4,14,4,13,3,1,0,0,0,0,0,0,0,0,fail
M,1,present,10,8,13,0,0,0,0,5,18,2,6,5,2,0,0,0,0,0,1,0,0,fail
M,1,present,9,37,64,0,0,0,0,25,81,8,26,9,3,0,0,0,0,0,1,0,0,pass
M,1,present,10,3,8,0,0,0,0,4,14,0,0,2,1,0,0,0,0,0,0,0,0,pass
F,1,present,7.5,21,31,0,0,0,0,9,28,1,3,6,2,0,0,0,0,0,1,0,0,fail
M,1,absent,7.5,8,24,0,0,0,0,11,37,1,3,3,1,0,0,0,0,0,0,0,0,pass
M,1,absent,7.5,2,9,0,0,0,0,6,19,2,6,5,2,0,0,0,0,0,0,0,0,fail
M,1,present,9,13,20,0,0,0,0,14,47,13,42,6,2,0,0,0,0,0,1,1,2,fail
M,1,absent,8,12,26,0,0,0,0,8,27,1,1,2,1,0,0,0,0,0,1,0,0,fail
M,1,present,7,23,33,0,0,0,0,6,20,4,12,13,4,0,0,0,0,0,1,0,1,fail
F,1,absent,0,0,1,0,0,0,0,0,0,0,0,0,0,0,0,0,0,0,0,0,0,fail
M,1,present,9.5,15,22,0,0,0,0,4,14,3,8,7,2,0,0,0,0,0,1,0,0,fail
M,1,present,10,12,35,0,0,0,0,14,46,2,7,12,4,0,0,0,0,0,0,0,0,fail
M,1,absent,9.5,3,27,0,0,0,0,6,21,2,6,7,2,0,0,0,0,0,1,0,0,pass
M,1,present,8,1,8,0,0,0,0,14,46,8,26,8,3,0,0,0,0,0,0,0,0,pass
F,1,absent,7.5,2,4,0,0,0,0,1,1,0,1,4,1,0,0,0,0,0,0,0,0,fail
M,1,present,0,1,5,0,0,0,0,1,2,0,1,2,1,0,0,0,0,0,0,0,0,fail
M,1,present,10,0,24,0,0,0,0,17,55,1,4,7,2,0,0,0,0,0,0,0,0,pass
M,1,present,2.5,7,13,0,0,0,0,2,8,6,18,7,2,0,0,0,0,0,0,0,0,fail
M,1,present,2,0,6,0,0,0,0,1,3,0,1,2,1,0,0,0,0,0,0,0,0,fail
M,1,absent,9.5,46,57,0,0,0,0,2,6,1,3,4,1,0,0,0,0,0,1,0,0,fail
M,1,present,9,10,33,0,0,0,0,13,43,19,63,11,4,0,0,0,0,0,0,1,2,fail
M,1,absent,0,13,6,0,0,0,0,2,8,0,1,0,0,0,0,0,0,0,0,0,0,fail
F,1,present,9,2,8,0,0,0,0,4,14,4,12,4,1,0,0,0,0,0,0,0,1,fail
M,1,present,10,5,18,0,0,0,0,6,21,6,21,7,2,0,0,0,0,0,0,0,1,pass
M,1,absent,0,0,0,0,0,0,0,0,0,0,0,0,0,0,0,0,0,0,0,0,0,fail
M,1,present,9,3,22,0,0,0,0,5,17,1,2,3,1,0,0,0,0,0,0,0,0,fail
M,1,present,8.5,1,2,0,0,0,0,0,1,0,1,0,0,0,0,0,0,0,0,0,0,fail
M,1,present,9,10,18,0,0,0,0,5,16,1,5,4,1,0,0,0,0,0,0,0,0,fail
M,1,present,8.5,15,28,0,0,0,0,4,13,1,2,1,1,0,0,0,0,0,0,0,0,fail
M,1,present,8.5,3,31,0,0,0,0,13,43,3,9,6,2,0,0,0,0,0,1,0,1,pass
M,1,present,0.5,8,10,0,0,0,0,1,5,0,1,1,1,0,0,0,0,0,0,0,0,fail
M,1,absent,0,10,0,0,0,0,0,0,1,0,1,0,0,0,0,0,0,0,0,0,0,fail
M,1,present,8.5,6,22,0,0,0,0,2,6,0,1,6,2,0,0,0,0,0,0,0,0,pass
F,1,present,7,6,23,0,0,0,0,1,1,1,1,2,1,0,0,0,0,0,0,0,0,fail
M,1,present,9,23,82,0,0,0,0,18,59,2,8,6,2,0,0,0,0,0,1,0,0,pass
M,1,absent,9.5,13,36,0,0,0,0,11,37,1,2,4,1,0,0,0,0,0,1,0,0,fail
M,1,present,10,8,47,0,0,0,0,7,25,3,9,1,1,0,0,0,0,0,1,0,0,fail
M,1,present,9.5,3,12,0,0,0,0,0,1,1,5,6,2,0,0,0,0,0,0,0,0,fail
M,1,present,10,58,42,0,0,0,0,27,89,4,14,10,3,0,0,0,0,1,4,0,0,pass
M,1,present,0,8,0,0,0,0,0,1,2,0,1,0,0,0,0,0,0,0,0,0,0,fail
M,1,present,9.5,17,62,0,0,0,0,13,43,1,5,14,5,0,0,0,0,0,1,0,0,fail
M,1,present,9,8,37,0,0,0,0,16,51,2,5,2,1,0,0,0,0,0,1,0,0,pass
M,1,present,0,7,7,0,0,0,0,2,5,0,1,0,0,0,0,0,0,0,0,0,0,fail
M,1,present,8,12,14,0,0,0,0,10,32,1,3,5,2,0,0,0,0,0,1,0,0,fail
M,1,absent,7.5,2,2,0,0,0,0,0,1,0,1,1,0,0,0,0,0,0,0,0,0,fail
M,1,present,5,2,27,0,0,0,0,6,19,1,3,3,1,0,0,0,0,0,0,0,0,fail
F,1,present,6,6,12,0,0,0,0,4,14,1,2,2,1,0,0,0,0,0,0,0,0,fail
F,1,present,9.5,0,8,0,0,0,0,8,26,0,1,1,1,0,0,0,0,0,0,0,0,fail
M,1,present,0,2,0,0,0,0,0,0,1,0,1,0,0,0,0,0,0,0,0,0,0,fail
M,1,present,0,0,0,0,0,0,0,0,0,0,0,0,0,0,0,0,0,0,0,0,0,fail
M,1,absent,6.5,4,8,0,0,0,0,7,23,1,2,1,1,0,0,0,0,0,0,0,0,fail
F,1,present,8,4,23,0,0,0,0,16,53,1,2,6,2,0,0,0,0,0,1,0,0,pass
M,1,present,9.5,21,28,0,0,0,0,11,35,1,4,3,1,0,0,0,0,0,1,0,0,fail
M,1,present,0,12,3,0,0,0,0,1,3,0,0,1,1,0,0,0,0,0,0,0,0,fail
F,1,present,5,5,11,0,0,0,0,2,6,0,1,1,1,0,0,0,0,0,0,0,0,fail
M,1,present,0,6,5,0,0,0,0,2,7,0,1,0,0,0,0,0,0,0,0,0,0,fail
F,1,absent,9,11,22,0,0,0,0,10,34,1,2,10,3,0,0,0,0,0,1,0,0,pass
M,1,present,8,4,22,0,0,0,0,5,16,1,1,1,1,0,0,0,0,0,0,0,0,pass
M,1,present,10,4,24,0,0,0,0,12,41,16,52,27,9,0,0,0,0,0,1,0,1,pass
M,1,absent,0,3,7,0,0,0,0,1,4,0,1,2,1,0,0,0,0,0,0,0,0,fail
M,1,present,8,9,16,0,0,0,0,17,55,2,8,7,2,0,0,0,0,0,0,0,0,fail
M,1,absent,8,1,7,0,0,0,0,5,15,1,2,3,1,0,0,0,0,0,0,0,0,fail
F,1,present,10,14,38,0,0,0,0,9,30,0,1,6,2,0,0,0,0,0,1,0,0,fail
F,1,present,0,10,7,0,0,0,0,0,1,0,1,0,0,0,0,0,0,0,0,0,0,fail
M,1,present,0,4,24,0,0,0,0,11,35,1,4,1,1,0,0,0,0,0,0,0,0,fail
F,1,present,1.5,16,32,0,0,0,0,12,38,1,2,21,7,0,0,0,0,0,1,0,0,fail
M,1,present,0,2,9,0,0,0,0,20,65,1,4,7,2,0,0,0,0,0,1,0,0,fail
M,1,present,7,7,9,0,0,0,0,5,17,2,8,2,1,0,0,0,0,0,1,0,0,pass
M,1,present,10,17,21,0,0,0,0,4,14,2,7,8,3,0,0,0,0,0,1,0,1,pass
M,1,present,10,6,24,0,0,0,0,1,4,0,1,1,1,0,0,0,0,0,0,0,0,pass
M,1,absent,9,4,60,0,0,0,0,22,73,1,4,10,3,0,0,0,0,0,0,0,0,pass
M,1,present,9,24,73,0,0,0,0,13,43,1,2,6,2,0,0,0,0,0,0,0,0,fail
M,1,present,9,5,15,0,0,0,0,2,7,0,1,0,0,0,0,0,0,0,0,0,0,fail
M,1,present,10,6,28,0,0,0,0,27,89,20,66,16,5,0,0,0,0,0,1,0,1,pass
M,1,present,10,13,25,0,0,0,0,24,79,4,12,13,4,0,0,0,0,0,0,0,0,fail
M,1,present,9.5,3,27,0,0,0,0,8,28,2,6,7,2,0,0,0,0,0,0,0,0,fail
M,1,present,8,10,20,0,0,0,0,9,29,2,8,4,1,0,0,0,0,0,1,0,1,fail
F,1,present,5,27,21,0,0,0,0,4,12,3,9,3,1,0,0,0,0,0,0,0,1,fail
M,1,present,5,11,11,0,0,0,0,4,12,1,2,1,1,0,0,0,0,0,0,0,0,fail
M,1,absent,0,5,6,0,0,0,0,0,0,0,0,0,0,0,0,0,0,0,0,0,0,fail
M,1,absent,9.5,4,43,0,0,0,0,40,132,2,7,4,1,0,0,0,0,1,2,0,0,fail
M,1,present,10,21,72,0,0,0,0,20,64,8,26,11,4,0,0,0,0,0,0,0,1,pass
M,1,present,7.5,12,16,0,0,0,0,12,39,2,5,2,1,0,0,0,0,0,0,0,0,pass
M,1,present,8,9,28,0,0,0,0,7,23,0,1,3,1,0,0,0,0,0,0,0,0,fail
M,1,present,10,9,22,0,0,0,0,22,71,4,14,9,3,0,0,0,0,1,3,0,0,pass
F,1,present,9.5,4,36,0,0,0,0,10,33,2,5,2,1,0,0,0,0,0,0,0,0,fail
M,1,absent,9,11,5,0,0,0,0,2,5,1,3,2,1,0,0,0,0,0,1,0,0,fail
M,1,present,7.5,47,20,0,0,0,0,2,5,0,1,3,1,0,0,0,0,0,0,0,0,fail
M,1,present,7.5,9,33,0,0,0,0,5,16,2,6,8,3,0,0,0,0,0,0,0,0,fail
M,1,present,9,20,51,0,0,0,0,39,127,3,11,10,3,0,0,0,0,0,1,0,0,pass
M,1,present,8.5,7,28,0,0,0,0,13,42,0,1,2,1,0,0,0,0,0,1,0,0,fail
M,1,present,10,11,21,0,0,0,0,14,46,9,29,15,5,0,0,0,0,0,0,0,0,pass
F,1,absent,0,0,0,0,0,0,0,0,0,0,0,0,0,0,0,0,0,0,0,0,0,fail
M,1,present,10,7,28,0,0,0,0,32,105,14,44,9,3,0,0,0,0,2,6,1,2,pass
M,1,present,0,3,6,0,0,0,0,1,2,0,1,0,0,0,0,0,0,0,0,0,0,fail
M,1,present,10,9,40,0,0,0,0,11,36,0,1,4,1,0,0,0,0,0,1,0,0,pass
M,1,present,9.5,29,45,0,0,0,0,23,76,4,12,28,9,0,0,0,0,0,1,0,0,pass
M,1,present,9,11,38,0,0,0,0,10,32,3,9,10,3,0,0,0,0,0,0,0,0,fail
M,1,absent,0,0,0,0,0,0,0,0,0,0,0,1,0,0,0,0,0,0,0,0,0,fail
M,1,absent,0,0,0,0,0,0,0,0,0,0,0,1,1,0,0,0,0,0,0,0,0,fail
M,1,absent,0,0,0,0,0,0,0,0,0,0,0,0,0,0,0,0,0,0,0,0,0,fail
F,1,present,9.5,4,15,0,0,0,0,1,4,0,1,4,1,0,0,0,0,0,0,0,0,pass
F,1,present,0,3,0,0,0,0,0,0,1,0,0,1,1,0,0,0,0,0,0,0,0,fail
F,1,present,7.5,5,13,0,0,0,0,1,3,2,8,1,1,0,0,0,0,0,0,0,0,fail
M,1,present,6.5,1,32,0,0,0,0,9,29,1,3,3,1,0,0,0,0,0,0,0,0,fail
F,1,present,10,18,17,0,0,0,0,5,16,0,1,1,1,0,0,0,0,0,0,0,0,fail
M,1,absent,8.5,21,35,0,0,0,0,7,23,1,4,12,4,0,0,0,0,0,1,0,0,fail
M,1,absent,7.5,6,23,0,0,0,0,11,35,1,2,6,2,0,0,0,0,0,0,0,0,fail
M,1,absent,0,16,1,0,0,0,0,0,0,0,0,0,0,0,0,0,0,0,0,0,0,fail
M,1,present,9.5,14,17,0,0,0,0,18,59,2,6,5,2,0,0,0,0,1,2,0,0,pass
M,1,present,10,16,26,0,0,0,0,10,33,1,3,3,1,0,0,0,0,1,3,0,0,pass
M,1,present,10,16,62,0,0,0,0,18,61,7,24,7,2,0,0,0,0,1,2,0,1,pass
F,1,present,0,25,19,0,0,0,0,5,15,1,3,2,1,0,0,0,0,0,0,0,0,fail
M,1,present,0,2,1,0,0,0,0,1,2,0,1,1,1,0,0,0,0,0,0,0,0,fail
M,1,present,10,7,8,0,0,0,0,2,7,1,1,3,1,0,0,0,0,0,1,0,0,fail
M,1,present,10,10,20,0,0,0,0,33,109,10,31,21,7,0,0,0,0,0,0,0,0,pass
F,1,present,8.5,5,7,0,0,0,0,1,2,0,0,1,1,0,0,0,0,0,0,0,0,fail
F,1,present,8.5,15,20,0,0,0,0,8,25,2,8,2,1,0,0,0,0,0,0,0,0,fail
M,1,present,0,3,0,0,0,0,0,1,2,0,1,1,0,0,0,0,0,0,0,0,0,fail
M,1,absent,0,2,6,0,0,0,0,0,1,0,1,1,1,0,0,0,0,0,0,0,0,fail
F,1,present,2,16,13,0,0,0,0,7,25,1,3,2,1,0,0,0,0,0,0,0,0,fail
F,1,present,10,19,22,0,0,0,0,1,4,0,1,0,0,0,0,0,0,0,0,0,0,fail
M,1,absent,9.5,6,6,0,0,0,0,2,8,1,1,4,1,0,0,0,0,0,0,0,0,fail
M,1,present,7,19,32,0,0,0,0,20,67,3,9,10,3,0,0,0,0,0,0,0,0,fail
M,1,present,8.5,31,44,0,0,0,0,4,14,3,11,4,1,0,0,0,0,0,0,0,0,fail
M,1,present,0,13,9,0,0,0,0,2,7,2,5,2,1,0,0,0,0,0,0,0,0,fail
M,1,absent,8.5,0,1,0,0,0,0,0,1,0,0,3,1,0,0,0,0,0,0,0,0,fail
F,1,present,9,0,37,0,0,0,0,8,26,2,5,3,1,0,0,0,0,0,0,0,0,fail
M,1,present,9.5,3,12,0,0,0,0,2,6,1,4,2,1,0,0,0,0,0,0,0,0,pass
M,1,present,9.5,6,44,0,0,0,0,9,30,5,16,11,4,0,0,0,0,0,0,0,0,pass
M,1,present,7.5,23,24,0,0,0,0,4,13,1,3,9,3,0,0,0,0,0,0,0,0,fail
M,1,absent,9.5,1,8,0,0,0,0,5,15,1,4,4,1,0,0,0,0,0,0,0,0,fail
M,1,present,7,3,24,0,0,0,0,3,11,0,1,1,1,0,0,0,0,0,0,0,0,fail
M,1,present,10,17,19,0,0,0,0,17,56,15,48,11,4,0,0,0,0,0,1,1,4,pass
F,1,present,3,29,16,0,0,0,0,1,5,0,1,5,2,0,0,0,0,0,0,0,0,fail
M,1,present,9.5,11,33,0,0,0,0,27,89,3,9,10,3,0,0,0,0,1,2,0,0,pass
M,1,absent,7,1,14,0,0,0,0,1,4,1,1,3,1,0,0,0,0,0,0,0,0,fail
M,1,present,10,11,28,0,0,0,0,5,17,1,3,1,1,0,0,0,0,0,1,0,0,fail
M,1,present,9.5,5,33,0,0,0,0,4,14,3,10,4,1,0,0,0,0,0,1,0,1,fail
F,1,present,9,16,32,0,0,0,0,11,35,1,3,5,2,0,0,0,0,0,1,0,0,fail
M,1,present,9,23,33,0,0,0,0,13,43,3,9,6,2,0,0,0,0,0,0,0,0,pass
M,1,absent,9.5,19,41,0,0,0,0,22,71,3,9,4,1,0,0,0,0,0,1,0,0,pass
M,1,present,10,4,19,0,0,0,0,6,20,6,20,5,2,0,0,0,0,0,0,0,0,fail
F,1,present,9,9,20,0,0,0,0,8,27,1,4,7,2,0,0,0,0,0,0,0,0,fail
M,1,present,8.5,15,27,0,0,0,0,10,32,4,12,7,2,0,0,0,0,0,0,0,0,fail
F,1,present,9.5,4,9,0,0,0,0,1,4,2,6,8,3,0,0,0,0,0,0,0,0,fail
F,1,present,0,14,3,0,0,0,0,4,12,2,7,8,3,0,0,0,0,0,0,0,1,fail
M,1,present,9.5,24,34,0,0,0,0,18,59,7,24,7,2,0,0,0,0,0,1,0,1,pass
F,1,absent,0,0,1,0,0,0,0,0,0,0,0,0,0,0,0,0,0,0,0,0,0,fail
M,1,present,10,8,31,0,0,0,0,22,72,28,93,2,1,0,0,0,0,0,1,1,3,pass
M,1,absent,0,0,0,0,0,0,0,0,0,0,0,0,0,0,0,0,0,0,0,0,0,fail
M,1,present,10,10,40,0,0,0,0,10,34,8,28,10,3,0,0,0,0,0,1,0,0,pass
M,1,present,9.5,6,17,0,0,0,0,4,15,3,9,4,1,0,0,0,0,0,0,0,1,fail
M,1,present,9.5,24,46,0,0,0,0,11,37,7,23,5,2,0,0,0,0,1,2,1,3,fail
M,1,present,9.5,4,4,0,0,0,0,2,6,0,1,6,2,0,0,0,0,0,1,0,0,fail
M,1,present,9.5,11,37,0,0,0,0,8,26,3,9,2,1,0,0,0,0,0,0,0,1,fail
M,1,present,9.5,10,31,0,0,0,0,2,6,1,5,0,0,0,0,0,0,0,1,0,0,pass
F,1,present,7,7,34,0,0,0,0,11,37,5,15,8,3,0,0,0,0,0,1,0,0,fail
M,1,present,0,1,2,0,0,0,0,1,4,2,7,0,0,0,0,0,0,0,0,0,0,fail
M,1,present,9.5,6,17,0,0,0,0,21,68,3,9,7,2,0,0,0,0,0,0,0,0,pass
M,1,absent,10,28,67,0,0,0,0,18,60,6,21,8,3,0,0,0,0,0,1,0,1,fail
F,1,present,10,9,52,0,0,0,0,33,108,18,59,15,5,0,0,0,0,1,5,0,1,pass
M,1,absent,4,0,9,0,0,0,0,0,0,0,0,0,0,0,0,0,0,0,0,0,0,fail
M,1,present,8,31,63,0,0,0,0,4,13,2,6,11,4,0,0,0,0,0,0,0,0,fail
M,1,present,9.5,0,13,0,0,0,0,3,9,1,2,6,2,0,0,0,0,0,0,0,0,pass
M,1,present,1,2,18,0,0,0,0,5,16,5,16,3,1,0,0,0,0,0,1,0,1,fail
M,1,present,6.5,0,2,0,0,0,0,0,0,0,0,0,0,0,0,0,0,0,0,0,0,fail
F,1,present,9.5,13,41,0,0,0,0,56,184,31,103,27,9,0,0,0,0,0,1,1,2,fail
M,1,present,9,4,7,0,0,0,0,1,4,1,2,1,1,0,0,0,0,0,1,0,0,fail
F,1,present,9,19,31,0,0,0,0,9,30,1,3,7,2,0,0,0,0,0,1,0,0,fail
M,1,present,9.5,24,24,0,0,0,0,9,29,2,6,8,3,0,0,0,0,0,0,0,0,pass
M,1,present,10,6,28,0,0,0,0,6,20,7,23,4,1,0,0,0,0,0,0,1,3,pass
M,1,present,0,4,5,0,0,0,0,1,2,0,1,1,0,0,0,0,0,0,0,0,0,fail
M,1,present,9,2,49,0,0,0,0,22,73,3,10,3,1,0,0,0,0,0,0,0,1,pass
M,1,absent,0,0,0,0,0,0,0,0,0,0,0,0,0,0,0,0,0,0,0,0,0,fail
M,1,present,9,10,31,0,0,0,0,8,26,3,11,3,1,0,0,0,0,0,0,0,0,fail
M,1,present,8.5,2,9,0,0,0,0,1,3,1,2,1,1,0,0,0,0,0,0,0,0,fail
M,1,present,0,19,0,0,0,0,0,1,3,1,2,2,1,0,0,0,0,0,0,0,1,fail
M,1,present,8,12,24,0,0,0,0,3,10,2,7,3,1,0,0,0,0,0,0,0,0,fail
M,1,present,8.5,8,35,0,0,0,0,1,5,1,4,1,1,0,0,0,0,0,0,0,1,fail
M,1,present,10,18,60,0,0,0,0,5,15,11,36,5,2,0,0,0,0,0,0,1,2,pass
M,1,present,9.5,7,15,0,0,0,0,1,4,0,1,2,1,0,0,0,0,0,0,0,0,fail
M,1,present,9.5,7,49,0,0,0,0,31,102,3,11,18,6,0,0,0,0,0,0,0,0,pass
M,1,present,0,4,1,0,0,0,0,2,5,0,0,0,0,0,0,0,0,0,0,0,0,fail
F,1,present,0,18,9,0,0,0,0,4,15,1,2,1,1,0,0,0,0,0,0,0,0,fail
M,1,present,8.5,17,27,0,0,0,0,25,82,6,20,8,3,0,0,0,0,1,2,1,2,fail
M,1,present,8,12,24,0,0,0,0,14,45,3,10,6,2,0,0,0,0,0,0,0,0,fail
M,1,present,10,9,70,0,0,0,0,79,259,19,62,12,4,0,0,0,0,3,8,1,3,pass
M,1,present,9.5,13,66,0,0,0,0,17,55,4,14,11,4,0,0,0,0,0,1,0,0,pass
M,1,present,7,2,7,0,0,0,0,4,12,3,11,6,2,0,0,0,0,0,1,0,1,fail
M,1,present,5,4,29,0,0,0,0,1,3,0,1,2,1,0,0,0,0,0,0,0,0,fail
M,1,present,8,15,16,0,0,0,0,6,21,1,4,5,2,0,0,0,0,0,1,0,0,fail
M,1,absent,9,16,15,0,0,0,0,18,60,1,2,8,3,0,0,0,0,0,1,0,0,fail
M,1,present,10,39,46,0,0,0,0,19,61,4,14,7,2,0,0,0,0,0,1,0,0,pass
M,1,absent,1,11,10,0,0,0,0,1,4,1,2,3,1,0,0,0,0,0,0,0,0,fail
M,1,present,0,0,1,0,0,0,0,0,1,0,1,1,0,0,0,0,0,0,0,0,0,fail
F,1,present,9,23,35,0,0,0,0,27,89,11,35,17,6,0,0,0,0,0,0,1,3,pass
M,1,absent,4,2,4,0,0,0,0,1,5,0,1,2,1,0,0,0,0,0,0,0,0,fail
F,1,present,6.5,8,51,0,0,0,0,22,73,3,9,19,6,0,0,0,0,0,1,0,0,fail
M,1,absent,0,0,0,0,0,0,0,0,0,0,0,0,0,0,0,0,0,0,0,0,0,fail
M,1,present,9.5,0,2,0,0,0,0,1,1,0,1,3,1,0,0,0,0,0,0,0,0,fail
F,1,absent,0,0,1,0,0,0,0,0,1,0,0,0,0,0,0,0,0,0,0,0,0,fail
M,1,present,8.5,21,48,0,0,0,0,8,27,3,9,10,3,0,0,0,0,0,0,0,0,fail
M,1,present,9,8,16,0,0,0,0,14,45,1,2,12,4,0,0,0,0,0,0,0,0,fail
M,1,present,9.5,7,39,0,0,0,0,8,26,8,26,2,1,0,0,0,0,0,0,1,3,pass
M,1,present,9.5,22,41,0,0,0,0,4,13,0,1,4,1,0,0,0,0,0,1,0,0,fail
M,1,present,9.5,17,20,0,0,0,0,6,20,0,1,2,1,0,0,0,0,0,1,0,0,fail
M,1,present,4,11,18,0,0,0,0,9,28,0,1,2,1,0,0,0,0,1,2,0,0,fail
M,1,present,9,2,13,0,0,0,0,4,13,2,5,5,2,0,0,0,0,0,0,0,0,fail
M,1,absent,9,6,14,0,0,0,0,20,64,2,8,11,4,0,0,0,0,0,1,0,0,pass
M,1,present,10,6,26,0,0,0,0,4,14,4,13,3,1,0,0,0,0,0,0,1,1,pass
M,1,absent,2.5,4,15,0,0,0,0,4,13,1,2,4,1,0,0,0,0,0,0,0,0,fail
M,1,absent,0,0,0,0,0,0,0,0,0,0,0,0,0,0,0,0,0,0,0,0,0,fail
M,1,present,10,16,68,0,0,0,0,26,86,19,63,7,2,0,0,0,0,0,0,0,1,pass
M,1,present,10,10,24,0,0,0,0,9,31,3,9,1,1,0,0,0,0,0,1,0,0,pass
F,1,present,10,6,16,0,0,0,0,6,19,1,2,10,3,0,0,0,0,0,0,0,0,fail
F,1,present,0,8,8,0,0,0,0,1,2,4,13,0,0,0,0,0,0,0,0,0,0,fail
M,1,absent,0,8,1,0,0,0,0,1,2,0,1,1,1,0,0,0,0,0,0,0,0,fail
M,1,present,7,16,8,0,0,0,0,8,27,1,3,3,1,0,0,0,0,0,1,0,0,fail
M,1,present,0,6,12,0,0,0,0,5,16,3,10,4,1,0,0,0,0,0,1,0,0,fail
M,1,present,0,4,2,0,0,0,0,0,1,0,1,0,0,0,0,0,0,0,0,0,0,fail
M,1,present,10,10,61,0,0,0,0,25,84,10,33,16,5,0,0,0,0,0,0,0,1,fail
M,1,present,8,1,14,0,0,0,0,4,13,2,6,2,1,0,0,0,0,0,0,0,0,pass
M,1,present,6,2,6,0,0,0,0,1,2,1,2,2,1,0,0,0,0,0,0,0,0,pass
F,1,absent,9.5,1,12,0,0,0,0,3,9,1,3,14,5,0,0,0,0,0,0,0,0,fail
M,1,absent,0,0,0,0,0,0,0,1,2,0,0,1,1,0,0,0,0,0,0,0,0,pass
M,1,absent,8,4,18,0,0,0,0,4,14,4,12,4,1,0,0,0,0,0,0,0,0,fail
M,1,present,2,19,11,0,0,0,0,1,3,0,1,2,1,0,0,0,0,0,1,0,0,fail
M,1,absent,9,8,12,0,0,0,0,4,14,1,2,2,1,0,0,0,0,0,0,0,0,fail
F,1,present,9.5,39,76,0,0,0,0,11,37,2,6,6,2,0,0,0,0,0,0,0,0,pass
M,1,present,7,7,32,0,0,0,0,33,107,12,40,3,1,0,0,0,0,0,0,1,2,pass
M,1,present,9.5,3,20,0,0,0,0,9,31,0,1,2,1,0,0,0,0,1,2,0,0,fail
M,1,present,10,15,50,0,0,0,0,15,48,5,17,1,1,0,0,0,0,0,0,0,0,pass
F,1,present,9.5,9,24,0,0,0,0,6,21,1,3,1,1,0,0,0,0,0,1,0,0,fail
M,1,absent,0,4,0,0,0,0,0,1,2,0,1,1,1,0,0,0,0,0,0,0,0,fail
M,1,absent,0,0,0,0,0,0,0,0,0,0,0,0,0,0,0,0,0,0,0,0,0,fail
M,1,present,0,7,3,0,0,0,0,1,4,0,1,0,0,0,0,0,0,0,1,0,0,fail
F,1,present,4,3,12,0,0,0,0,5,18,2,8,4,1,0,0,0,0,0,0,0,1,fail
M,1,present,8,13,33,0,0,0,0,21,70,3,9,4,1,0,0,0,0,1,1,0,0,pass
M,1,present,8.5,13,27,0,0,0,0,16,53,5,15,5,2,0,0,0,0,0,1,0,1,pass
F,1,present,9,13,9,0,0,0,0,10,34,1,5,6,2,0,0,0,0,0,0,0,0,pass
M,1,present,8.5,2,7,0,0,0,0,2,8,4,12,2,1,0,0,0,0,0,0,0,1,fail
M,1,absent,10,11,27,0,0,0,0,4,12,0,1,3,1,0,0,0,0,0,1,0,0,fail
M,1,present,7.5,1,7,0,0,0,0,32,104,11,35,12,4,0,0,0,0,1,3,0,1,pass
F,1,present,5.5,1,28,0,0,0,0,10,33,3,9,4,1,0,0,0,0,0,0,0,1,fail
M,1,present,8.5,10,23,0,0,0,0,13,42,8,28,10,3,0,0,0,0,0,1,0,1,fail
M,1,absent,9.5,9,17,0,0,0,0,19,62,3,10,3,1,0,0,0,0,1,4,0,1,fail
M,1,present,9.5,21,41,0,0,0,0,2,8,4,14,4,1,0,0,0,0,0,1,0,1,fail
F,1,present,5,9,9,0,0,0,0,1,3,1,3,8,3,0,0,0,0,0,0,0,0,fail
M,1,present,8.5,6,27,0,0,0,0,8,27,1,1,8,3,0,0,0,0,0,1,0,0,fail
M,1,present,7,7,25,0,0,0,0,10,33,1,4,3,1,0,0,0,0,0,1,0,0,fail
M,1,present,5.5,7,6,0,0,0,0,1,2,1,1,1,0,0,0,0,0,0,1,0,0,fail
M,1,present,0,1,1,0,0,0,0,1,1,0,1,0,0,0,0,0,0,0,0,0,0,fail
M,1,absent,0,0,1,0,0,0,0,0,0,0,0,0,0,0,0,0,0,0,0,0,0,fail
M,1,absent,9,5,31,0,0,0,0,4,12,1,5,9,3,0,0,0,0,0,1,0,1,fail
F,1,present,4,4,25,0,0,0,0,1,4,0,1,0,0,0,0,0,0,0,0,0,0,fail
F,1,absent,9,0,16,0,0,0,0,0,1,0,1,1,1,0,0,0,0,0,0,0,0,fail
M,1,absent,9.5,2,16,0,0,0,0,6,20,0,1,2,1,0,0,0,0,0,0,0,0,fail
M,1,present,6.5,2,2,0,0,0,0,2,6,0,1,1,1,0,0,0,0,0,0,0,0,fail
M,1,present,8.5,5,47,0,0,0,0,7,24,1,2,5,2,0,0,0,0,0,0,0,0,pass
M,1,present,9,23,28,0,0,0,0,8,28,3,10,2,1,0,0,0,0,0,1,0,1,fail
M,1,present,10,6,14,0,0,0,0,6,21,2,5,5,2,0,0,0,0,0,1,0,0,pass
M,1,present,10,12,25,0,0,0,0,32,106,10,33,6,2,0,0,0,0,0,1,1,3,pass
F,1,present,5,3,20,0,0,0,0,1,3,0,1,4,1,0,0,0,0,0,1,0,0,fail
M,1,present,9.5,14,43,0,0,0,0,28,92,8,26,5,2,0,0,0,0,0,1,0,1,pass
M,1,present,7.5,29,38,0,0,0,0,32,106,5,15,12,4,0,0,0,0,0,1,0,0,fail
M,1,absent,9.5,14,19,0,0,0,0,18,58,6,18,4,1,0,0,0,0,0,1,0,1,pass
M,1,present,8.5,37,30,0,0,0,0,21,67,2,8,9,3,0,0,0,0,1,2,0,0,fail
M,1,present,7,3,15,0,0,0,0,4,12,4,13,2,1,0,0,0,0,0,0,0,1,pass
M,1,present,8.5,4,16,0,0,0,0,7,24,2,6,9,3,0,0,0,0,0,1,0,0,fail
M,1,absent,5,1,4,0,0,0,0,1,2,0,1,2,1,0,0,0,0,0,0,0,0,fail
F,1,present,7,19,33,0,0,0,0,8,28,10,33,6,2,0,0,0,0,0,0,0,1,fail
F,1,present,0,9,9,0,0,0,0,1,2,0,1,0,0,0,0,0,0,0,0,0,0,fail
M,1,present,10,12,37,0,0,0,0,2,7,0,1,0,0,0,0,0,0,0,0,0,0,pass
M,1,present,9,1,39,0,0,0,0,6,21,2,8,5,2,0,0,0,0,0,0,0,0,pass
M,1,present,9,1,26,0,0,0,0,6,19,1,3,2,1,0,0,0,0,0,1,0,0,fail
F,1,present,10,1,4,0,0,0,0,2,5,0,1,2,1,0,0,0,0,0,0,0,0,pass
M,1,present,9,19,28,0,0,0,0,15,49,5,18,11,4,0,0,0,0,0,0,0,0,fail
M,1,absent,9.5,3,3,0,0,0,0,2,7,1,2,3,1,0,0,0,0,0,0,0,0,fail
M,1,present,6.5,11,38,0,0,0,0,2,6,1,3,8,3,0,0,0,0,0,1,0,0,fail
M,1,absent,0,1,0,0,0,0,0,0,1,0,0,0,0,0,0,0,0,0,0,0,0,fail
M,1,present,10,23,17,0,0,0,0,6,20,1,3,4,1,0,0,0,0,0,1,0,0,fail
M,1,present,9.5,3,20,0,0,0,0,2,8,1,3,2,1,0,0,0,0,0,0,0,1,fail
M,1,present,0,6,6,0,0,0,0,2,6,1,3,1,1,0,0,0,0,0,1,0,1,fail
M,1,present,10,43,86,0,0,0,0,14,44,30,98,13,4,0,0,0,0,0,1,2,5,pass
F,1,present,7,21,26,0,0,0,0,9,28,2,8,12,4,0,0,0,0,0,0,0,0,fail
M,1,present,9.5,4,49,0,0,0,0,31,102,6,19,8,3,0,0,0,0,0,0,0,0,pass
M,1,present,9.5,0,14,0,0,0,0,15,48,1,4,8,3,0,0,0,0,1,2,0,0,fail
M,1,present,8.5,19,35,0,0,0,0,13,43,5,16,9,3,0,0,0,0,0,1,0,1,pass
M,1,absent,0,0,0,0,0,0,0,0,0,0,0,0,0,0,0,0,0,0,0,0,0,fail
M,1,present,8,17,49,0,0,0,0,9,28,2,5,11,4,0,0,0,0,0,0,0,0,pass
M,1,present,8.5,18,53,0,0,0,0,20,64,3,9,3,1,0,0,0,0,0,1,0,0,fail
M,1,present,9,9,29,0,0,0,0,12,39,1,5,2,1,0,0,0,0,0,1,0,1,fail
M,1,present,0,0,0,0,0,0,0,0,0,0,0,0,0,0,0,0,0,0,0,0,0,fail
M,1,present,0,7,9,0,0,0,0,5,15,0,0,1,1,0,0,0,0,0,1,0,0,fail
M,1,absent,9.5,13,36,0,0,0,0,11,36,1,2,4,1,0,0,0,0,0,1,0,0,pass
F,1,present,7.5,4,20,0,0,0,0,2,7,1,4,4,1,0,0,0,0,0,0,0,0,fail
M,1,present,0,1,0,0,0,0,0,0,0,0,0,0,0,0,0,0,0,0,0,0,0,fail
F,1,absent,0,0,1,0,0,0,0,0,0,0,0,0,0,0,0,0,0,0,0,0,0,fail
M,1,present,9,4,7,0,0,0,0,4,12,0,1,1,1,0,0,0,0,0,0,0,0,fail
M,1,present,10,31,54,0,0,0,0,9,30,33,109,35,12,0,0,0,0,0,0,0,0,fail
M,1,present,5,1,1,0,0,0,0,0,1,0,0,1,1,0,0,0,0,0,0,0,0,fail
M,1,absent,0,0,3,0,0,0,0,4,12,1,3,1,1,0,0,0,0,0,0,0,0,fail
M,1,present,9.5,21,22,0,0,0,0,18,58,2,5,8,3,0,0,0,0,0,1,0,0,pass
F,1,present,7.5,13,15,0,0,0,0,11,35,3,10,7,2,0,0,0,0,0,1,0,0,fail
M,1,present,6.5,2,8,0,0,0,0,0,1,0,1,1,1,0,0,0,0,0,0,0,0,pass
F,1,present,7.5,24,19,0,0,0,0,9,28,1,4,4,1,0,0,0,0,0,0,0,0,fail
M,1,present,9,6,6,0,0,0,0,1,2,1,3,2,1,0,0,0,0,0,0,0,1,fail
M,1,present,10,4,27,0,0,0,0,7,25,3,9,1,1,0,0,0,0,0,0,0,0,pass
F,1,present,10,8,13,0,0,0,0,4,14,0,1,3,1,0,0,0,0,0,0,0,0,fail
F,1,present,9,55,37,0,0,0,0,24,79,10,33,21,7,0,0,0,0,1,1,0,1,pass
M,1,present,9.5,9,17,0,0,0,0,8,28,1,4,6,2,0,0,0,0,0,1,0,0,fail
M,1,present,7,10,36,0,0,0,0,4,13,2,5,9,3,0,0,0,0,0,1,0,1,pass
F,1,absent,7,7,13,0,0,0,0,9,31,2,6,7,2,0,0,0,0,0,1,0,0,fail
M,1,present,3,29,27,0,0,0,0,16,52,13,41,3,1,0,0,0,0,1,2,1,2,fail
M,1,present,10,4,28,0,0,0,0,7,23,1,2,2,1,0,0,0,0,0,0,0,0,pass
M,1,present,10,17,39,0,0,0,0,59,194,6,19,11,4,0,0,0,0,3,9,0,1,pass
F,1,present,8.5,4,7,0,0,0,0,2,7,1,4,11,4,0,0,0,0,0,0,0,0,pass
M,1,present,6.5,4,30,0,0,0,0,8,25,2,8,9,3,0,0,0,0,0,0,0,0,fail
F,1,present,0,23,23,0,0,0,0,2,6,0,0,5,2,0,0,0,0,0,1,0,0,fail
M,1,present,8,4,9,0,0,0,0,1,3,1,2,1,1,0,0,0,0,0,0,0,0,fail
F,1,present,9,2,28,0,0,0,0,15,51,2,6,12,4,0,0,0,0,0,1,0,0,pass
M,1,present,10,3,7,0,0,0,0,8,25,1,2,3,1,0,0,0,0,0,1,0,0,pass
M,1,present,8.5,5,22,0,0,0,0,14,47,2,7,5,2,0,0,0,0,0,1,0,0,pass
M,1,absent,8.5,5,17,0,0,0,0,2,7,0,1,1,1,0,0,0,0,0,0,0,0,fail
M,1,absent,8.5,3,24,0,0,0,0,12,40,1,3,3,1,0,0,0,0,0,1,0,0,fail
M,1,present,5,0,2,0,0,0,0,0,0,0,0,1,1,0,0,0,0,0,0,0,0,fail
F,1,present,8.5,34,73,0,0,0,0,44,143,23,75,25,8,0,0,0,0,0,0,0,0,pass
M,1,absent,8.5,6,42,0,0,0,0,6,19,2,6,7,2,0,0,0,0,0,0,0,0,pass
M,1,present,6.5,13,17,0,0,0,0,8,25,4,12,5,2,0,0,0,0,0,1,0,1,pass
F,1,present,8.5,32,47,0,0,0,0,13,43,3,9,7,2,0,0,0,0,0,0,0,0,fail
M,1,present,9,3,14,0,0,0,0,11,35,2,5,3,1,0,0,0,0,1,1,0,1,pass
F,1,present,6,1,3,0,0,0,0,1,2,0,1,2,1,0,0,0,0,0,0,0,0,fail
M,1,present,9.5,29,93,0,0,0,0,62,205,1,3,7,2,0,0,0,0,3,11,0,0,pass
M,1,present,9,1,9,0,0,0,0,0,1,2,7,3,1,0,0,0,0,0,0,0,0,pass
F,1,present,8.5,22,59,0,0,0,0,12,38,1,4,8,3,0,0,0,0,0,0,0,0,fail
M,1,present,0,2,4,0,0,0,0,1,3,0,1,0,0,0,0,0,0,0,0,0,0,fail
M,1,present,9.5,16,37,0,0,0,0,16,51,2,7,10,3,0,0,0,0,0,1,0,1,pass
M,1,absent,0,10,5,0,0,0,0,1,3,1,2,2,1,0,0,0,0,0,0,0,0,fail
M,1,present,7,15,27,0,0,0,0,3,9,1,3,5,2,0,0,0,0,0,0,0,0,fail
M,1,present,8,21,21,0,0,0,0,4,12,0,1,6,2,0,0,0,0,0,0,0,0,fail
M,1,present,10,0,1,0,0,0,0,0,0,0,0,0,0,0,0,0,0,0,0,0,0,fail
M,1,present,0,8,1,0,0,0,0,0,1,0,1,0,0,0,0,0,0,0,0,0,0,fail
M,1,present,9,28,24,0,0,0,0,2,6,2,6,1,0,0,0,0,0,0,0,0,1,fail
F,1,absent,8,0,4,0,0,0,0,0,0,0,0,0,0,0,0,0,0,0,0,0,0,fail
M,1,present,10,6,26,0,0,0,0,23,74,2,6,7,2,0,0,0,0,0,0,0,0,pass
M,1,absent,8,0,32,0,0,0,0,10,33,1,3,3,1,0,0,0,0,0,0,0,0,pass
F,1,present,8,4,4,0,0,0,0,1,5,0,1,0,0,0,0,0,0,0,1,0,0,fail
M,1,present,9.5,10,13,0,0,0,0,9,30,1,4,4,1,0,0,0,0,1,2,0,0,pass
M,1,present,7.5,4,19,0,0,0,0,6,19,2,8,2,1,0,0,0,0,0,0,0,0,pass
M,1,absent,0,0,0,0,0,0,0,0,0,0,0,0,0,0,0,0,0,0,0,0,0,fail
M,1,present,7.5,7,10,0,0,0,0,2,5,0,1,1,1,0,0,0,0,0,0,0,0,fail
M,1,present,9.5,7,14,0,0,0,0,4,14,0,1,0,0,0,0,0,0,0,1,0,0,fail
M,1,present,9.5,8,13,0,0,0,0,1,2,0,0,1,1,0,0,0,0,0,0,0,0,fail
F,1,present,8,6,29,0,0,0,0,12,38,3,11,7,2,0,0,0,0,0,0,0,0,fail
M,1,absent,1,3,8,0,0,0,0,1,2,0,0,2,1,0,0,0,0,0,1,0,0,fail
M,1,present,9,12,33,0,0,0,0,7,22,1,3,7,2,0,0,0,0,0,0,0,0,pass
M,1,present,10,9,14,0,0,0,0,8,26,3,9,4,1,0,0,0,0,0,0,0,0,pass
M,1,absent,0,9,18,0,0,0,0,2,7,1,3,1,1,0,0,0,0,0,0,0,0,fail
F,1,present,10,10,56,0,0,0,0,34,113,8,25,16,5,0,0,0,0,0,0,0,0,pass
F,1,absent,0,0,0,0,0,0,0,0,0,0,0,0,0,0,0,0,0,0,0,0,0,fail
M,1,present,7,10,28,0,0,0,0,9,29,1,4,2,1,0,0,0,0,0,0,0,0,fail
M,1,present,6.5,15,26,0,0,0,0,2,8,1,3,4,1,0,0,0,0,0,1,0,0,fail
M,1,present,10,7,16,0,0,0,0,4,13,1,4,2,1,0,0,0,0,0,1,0,1,fail
M,1,present,5,3,3,0,0,0,0,1,1,0,1,1,1,0,0,0,0,0,0,0,0,fail
F,1,absent,6.5,2,10,0,0,0,0,10,34,1,2,11,4,0,0,0,0,0,1,0,0,fail
M,1,present,8.5,0,4,0,0,0,0,1,3,1,3,2,1,0,0,0,0,0,0,0,0,fail
F,1,present,7,2,8,0,0,0,0,1,3,0,1,3,1,0,0,0,0,0,1,0,0,fail
F,1,absent,5.5,1,8,0,0,0,0,4,12,0,1,2,1,0,0,0,0,0,0,0,0,fail
F,1,present,5,28,42,0,0,0,0,1,2,0,1,28,9,0,0,0,0,0,0,0,0,fail
M,1,absent,10,37,171,0,0,0,0,70,230,20,66,16,5,0,0,0,0,1,2,0,0,pass
M,1,present,9.5,15,31,0,0,0,0,7,24,5,16,4,1,0,0,0,0,0,0,0,1,fail
